
============================================================
🌐 Mises Data Curator - Web Interface
============================================================

Starting server at http://127.0.0.1:5000
Press CTRL+C to quit

 * Serving Flask app 'src.web'
 * Debug mode: on
[31m[1mWARNING: This is a development server. Do not use it in a production deployment. Use a production WSGI server instead.[0m
 * Running on http://127.0.0.1:5000
[33mPress CTRL+C to quit[0m
 * Restarting with watchdog (inotify)

============================================================
🌐 Mises Data Curator - Web Interface
============================================================

Starting server at http://127.0.0.1:5000
Press CTRL+C to quit

 * Debugger is active!
 * Debugger PIN: 248-501-215

============================================================
🌐 Mises Data Curator - Web Interface
============================================================

Starting server at http://127.0.0.1:5000
Press CTRL+C to quit

 * Serving Flask app 'src.web'
 * Debug mode: on
[31m[1mWARNING: This is a development server. Do not use it in a production deployment. Use a production WSGI server instead.[0m
 * Running on http://127.0.0.1:5000
[33mPress CTRL+C to quit[0m
 * Restarting with watchdog (inotify)

============================================================
🌐 Mises Data Curator - Web Interface
============================================================

Starting server at http://127.0.0.1:5000
Press CTRL+C to quit

 * Debugger is active!
 * Debugger PIN: 248-501-215
190.164.212.239 - - [12/Feb/2026 15:41:10] "GET /search HTTP/1.1" 200 -
190.164.212.239 - - [12/Feb/2026 15:41:10] "[36mGET /static/js/marked.min.js HTTP/1.1[0m" 304 -
190.164.212.239 - - [12/Feb/2026 15:41:10] "[36mGET /static/css/theme.css HTTP/1.1[0m" 304 -
✓ Found 100 results from OWID
190.164.212.239 - - [12/Feb/2026 15:41:11] "GET /api/search?q=20&source=owid&page=1&per_page=25 HTTP/1.1" 200 -
✓ Found 50 results from OWID
190.164.212.239 - - [12/Feb/2026 15:41:27] "GET /api/search?q=Foreign+Aid&source=owid&page=1&per_page=25 HTTP/1.1" 200 -
[2026-02-12 15:41:36] INFO in ingestion: Fetching from OWID: foreign-aid-given-by-sector
[2026-02-12 15:41:36] INFO in ingestion: Fetching from OWID: foreign-aid-given-to-least-developed-countries-as-a-share-of-donors-national-income
[2026-02-12 15:41:36] INFO in ingestion: Fetching from OWID: foreign-aid-received-net
[2026-02-12 15:41:37] INFO in ingestion: Fetching from OWID: foreign-aid-given-net
[2026-02-12 15:41:37] INFO in ingestion: Fetching from OWID: foreign-aid-received-as-a-share-of-national-income-net
[2026-02-12 15:41:37] INFO in ingestion: Fetching from OWID: foreign-aid-given-as-a-share-of-national-income
[2026-02-12 15:41:37] INFO in ingestion: Fetching from OWID: foreign-aid-given-to-donor-countries-share
[2026-02-12 15:41:37] INFO in ingestion: Fetching from OWID: foreign-aid-received-by-income-group
[2026-02-12 15:41:37] INFO in ingestion: Fetching from OWID: foreign-aid-given-per-capita
[2026-02-12 15:41:37] INFO in ingestion: Fetching from OWID: foreign-aid-given-as-grants-and-concessional-loans
[2026-02-12 15:41:37] INFO in ingestion: Fetching from OWID: oda-for-scholarships
[2026-02-12 15:41:37] INFO in ingestion: Fetching from OWID: share-of-foreign-aid-spent-within-donor-countries
[2026-02-12 15:41:37] INFO in ingestion: Fetching from OWID: total-oda-for-aid-for-trade-by-recipient
[2026-02-12 15:41:37] INFO in ingestion: Fetching from OWID: personal-remittances-oda
[2026-02-12 15:41:37] INFO in ingestion: Fetching from OWID: total-oda-for-aid-for-trade-by-donor
[2026-02-12 15:41:37] INFO in ingestion: Fetching from OWID: total-official-development-assistance-for-technical-cooperation
[2026-02-12 15:41:37] INFO in ingestion: Fetching from OWID: net-oda-to-medical-research
[2026-02-12 15:41:37] INFO in ingestion: Fetching from OWID: amount-of-foreign-aid-spend-in-recipient-countries
[2026-02-12 15:41:37] INFO in ingestion: Fetching from OWID: official-development-assistance-donor-bilateral-multilateral
[2026-02-12 15:41:37] INFO in ingestion: Fetching from OWID: government-vs-private-aid-by-donor
[2026-02-12 15:41:37] INFO in ingestion: Saved raw data to 01_Raw_Data_Bank/OWID/foreign-aid-given-to-least-developed-countries-as-a-share-of-donors-national-income_20260212_154137.csv
[2026-02-12 15:41:37] INFO in ingestion: Retrieved 144 records from OWID
[2026-02-12 15:41:37] INFO in ingestion:   Columns: country, country_code, year, Net ODA to LDCs...
[2026-02-12 15:41:37] INFO in ingestion: Fetching from OWID: foreign-aid-given-net-flows-vs-grant-equivalents-line
/opt/data-curator/.venv/lib/python3.11/site-packages/pandera/_pandas_deprecated.py:146: FutureWarning: Importing pandas-specific classes and functions from the
top-level pandera module will be **removed in a future version of pandera**.
If you're using pandera to validate pandas objects, we highly recommend updating
your import:

```
# old import
import pandera as pa

# new import
import pandera.pandas as pa
```

If you're using pandera to validate objects from other compatible libraries
like pyspark or polars, see the supported libraries section of the documentation
for more information on how to import pandera:

https://pandera.readthedocs.io/en/stable/supported_libraries.html

To disable this warning, set the environment variable:

```
export DISABLE_PANDERA_IMPORT_WARNING=True
```

  warnings.warn(_future_warning, FutureWarning)
[2026-02-12 15:41:37] INFO in ingestion: Saved raw data to 01_Raw_Data_Bank/OWID/foreign-aid-given-net_20260212_154137.csv
[2026-02-12 15:41:37] INFO in ingestion: Retrieved 478 records from OWID
[2026-02-12 15:41:37] INFO in ingestion:   Columns: country, country_code, year, Official development assistance (ODA) and private grants by donor - Net disbursements, Official development assistance (ODA) and private grants by donor - Net disbursements (Annotations)...
[2026-02-12 15:41:37] INFO in ingestion: Saved raw data to 01_Raw_Data_Bank/OWID/foreign-aid-received-by-income-group_20260212_154137.csv
[2026-02-12 15:41:37] INFO in ingestion: Retrieved 387 records from OWID
[2026-02-12 15:41:38] INFO in ingestion:   Columns: country, year, Official development assistance (ODA) by recipient...
[2026-02-12 15:41:38] INFO in ingestion: Fetching from OWID: foreign-aid-given-to-donor-countries
[2026-02-12 15:41:38] INFO in ingestion: Saved raw data to 01_Raw_Data_Bank/OWID/foreign-aid-given-as-a-share-of-national-income_20260212_154138.csv
[2026-02-12 15:41:38] INFO in ingestion: Retrieved 490 records from OWID
[2026-02-12 15:41:38] INFO in ingestion:   Columns: country, country_code, year, ODA by donor (% of GNI) - Official estimate, ODA by donor (% of GNI) - Official estimate (Annotations)...
[2026-02-12 15:41:38] INFO in ingestion: Fetching from OWID: foreign-aid-and-investments-received
[2026-02-12 15:41:38] INFO in ingestion: Fetching from OWID: foreign-aid-and-investments-given
[2026-02-12 15:41:38] INFO in ingestion: Saved raw data to 01_Raw_Data_Bank/OWID/foreign-aid-received-net_20260212_154138.csv
[2026-02-12 15:41:38] INFO in ingestion: Retrieved 137 records from OWID
[2026-02-12 15:41:38] INFO in ingestion:   Columns: country, country_code, year, Official development assistance (ODA) by recipient, World region according to OWID...
[2026-02-12 15:41:38] INFO in ingestion: Saved raw data to 01_Raw_Data_Bank/OWID/oda-for-scholarships_20260212_154138.csv
[2026-02-12 15:41:38] INFO in ingestion: Saved raw data to 01_Raw_Data_Bank/OWID/foreign-aid-given-per-capita_20260212_154138.csv
[2026-02-12 15:41:38] INFO in ingestion: Retrieved 470 records from OWID
[2026-02-12 15:41:38] INFO in ingestion: Retrieved 135 records from OWID
[2026-02-12 15:41:38] INFO in ingestion: Fetching from OWID: net-official-development-assistance-and-aid-received
[2026-02-12 15:41:38] INFO in ingestion: Saved raw data to 01_Raw_Data_Bank/OWID/foreign-aid-received-as-a-share-of-national-income-net_20260212_154138.csv
[2026-02-12 15:41:38] INFO in ingestion:   Columns: country, country_code, year, ODA per capita by donor - Net disbursements, ODA per capita by donor - Net disbursements (Annotations)...
[2026-02-12 15:41:38] INFO in ingestion:   Columns: country, country_code, year, Total official flows for scholarships, by recipient countries (millions of constant 2023 United States dollars)...
[2026-02-12 15:41:38] INFO in ingestion: Saved raw data to 01_Raw_Data_Bank/OWID/share-of-foreign-aid-spent-within-donor-countries_20260212_154138.csv
[2026-02-12 15:41:38] INFO in ingestion: Retrieved 90 records from OWID
[2026-02-12 15:41:38] INFO in ingestion:   Columns: country, country_code, year, ODA by donor - In-donor aid (% of ODA), ODA by donor - In-donor aid (% of ODA) (Annotations)...
[2026-02-12 15:41:38] INFO in ingestion: Retrieved 137 records from OWID
[2026-02-12 15:41:38] INFO in ingestion:   Columns: country, country_code, year, ODA by recipient (% of GNI), World region according to OWID...
[2026-02-12 15:41:38] INFO in ingestion: Saved raw data to 01_Raw_Data_Bank/OWID/foreign-aid-given-by-sector_20260212_154138.csv
[2026-02-12 15:41:38] INFO in ingestion: Retrieved 54 records from OWID
[2026-02-12 15:41:38] INFO in ingestion:   Columns: country, year, Unspecified aid, Humanitarian aid, Aid related to debt...
[2026-02-12 15:41:38] INFO in ingestion: Saved raw data to 01_Raw_Data_Bank/OWID/personal-remittances-oda_20260212_154138.csv
[2026-02-12 15:41:38] INFO in ingestion: Retrieved 65 records from OWID
[2026-02-12 15:41:38] INFO in ingestion:   Columns: country, country_code, year, Personal remittances, Official development assistance...
[2026-02-12 15:41:38] INFO in ingestion: Saved raw data to 01_Raw_Data_Bank/OWID/net-oda-to-medical-research_20260212_154138.csv
[2026-02-12 15:41:38] INFO in ingestion: Retrieved 136 records from OWID
[2026-02-12 15:41:38] INFO in ingestion:   Columns: country, country_code, year, Total official development assistance to medical research and basic health sectors, net disbursement, by recipient countries (millions of constant 2023 United States dollars), Total official development assistance to medical research and basic health sectors, net disbursement, by recipient countries (millions of constant 2023 United States dollars) (Original Year)...
Schema validation warning: expected series 'Official development assistance (ODA) by recipient' to have type float64, got int64
✓ Saved cleaned dataset to 02_Datasets_Limpios/general/general_owid_share-of-foreign-aid-spent-within-donor-countries_global_2010_2024_20260212214138.csv
✓ Saved cleaned dataset to 02_Datasets_Limpios/general/general_owid_oda-for-scholarships_global_2023_2023_20260212214138.csv
✓ Saved cleaned dataset to 02_Datasets_Limpios/general/general_owid_foreign-aid-given-as-a-share-of-national-income_global_1960_2024_20260212214138.csv✓ Saved cleaned dataset to 02_Datasets_Limpios/general/general_owid_foreign-aid-received-by-income-group_global_1960_2024_20260212214138.csv

[2026-02-12 15:41:38] INFO in ingestion: Saved raw data to 01_Raw_Data_Bank/OWID/amount-of-foreign-aid-spend-in-recipient-countries_20260212_154138.csv
[2026-02-12 15:41:38] INFO in ingestion: Retrieved 90 records from OWID
[2026-02-12 15:41:38] INFO in ingestion:   Columns: country, country_code, year, ODA by donor - Overseas aid, ODA by donor - Overseas aid (Annotations)...
[2026-02-12 15:41:38] INFO in ingestion: Saved raw data to 01_Raw_Data_Bank/OWID/total-oda-for-aid-for-trade-by-recipient_20260212_154138.csv
[2026-02-12 15:41:38] INFO in ingestion: Saved raw data to 01_Raw_Data_Bank/OWID/foreign-aid-given-to-donor-countries-share_20260212_154138.csv
[2026-02-12 15:41:38] INFO in ingestion: Retrieved 140 records from OWID
[2026-02-12 15:41:38] INFO in ingestion: Retrieved 15 records from OWID
[2026-02-12 15:41:38] INFO in ingestion:   Columns: country, country_code, year, Total official flows (commitments) for Aid for Trade, by recipient countries (millions of constant 2023 United States dollars), Total official flows (commitments) for Aid for Trade, by recipient countries (millions of constant 2023 United States dollars) (Original Year)...
[2026-02-12 15:41:38] INFO in ingestion:   Columns: country, country_code, year, Refugees in donor countries, Administrative costs...
✅ Copilot SDK client initialized (using GitHub Copilot subscription)Schema validation warning: expected series 'Total official development assistance to medical research and basic health sectors, net disbursement, by recipient countries (millions of constant 2023 United States dollars) (Original Year)' to have type float64, got Int64

   Note: Ensure copilot CLI is installed and authenticated
✅ Copilot SDK client initialized (using GitHub Copilot subscription)
✅ Copilot SDK client initialized (using GitHub Copilot subscription)✓ Saved cleaned dataset to 02_Datasets_Limpios/general/general_owid_net-oda-to-medical-research_global_2023_2023_20260212214138.csv   Note: Ensure copilot CLI is installed and authenticated
✓ Saved cleaned dataset to 02_Datasets_Limpios/general/general_owid_foreign-aid-given-to-least-developed-countries-as-a-share-of-donors-national-income_global_2000_2023_20260212214138.csv

   Note: Ensure copilot CLI is installed and authenticated

✅ Copilot SDK client initialized (using GitHub Copilot subscription)✅ Copilot SDK client initialized (using GitHub Copilot subscription)
   Note: Ensure copilot CLI is installed and authenticated

   Note: Ensure copilot CLI is installed and authenticated
✅ Copilot SDK client initialized (using GitHub Copilot subscription)
   Note: Ensure copilot CLI is installed and authenticated
Schema validation warning: expected series 'Total official flows (commitments) for Aid for Trade, by recipient countries (millions of constant 2023 United States dollars) (Original Year)' to have type float64, got Int64[2026-02-12 15:41:38] INFO in ingestion: Saved raw data to 01_Raw_Data_Bank/OWID/foreign-aid-given-as-grants-and-concessional-loans_20260212_154138.csv
[2026-02-12 15:41:38] INFO in ingestion: Retrieved 65 records from OWID
[2026-02-12 15:41:38] INFO in ingestion:   Columns: country, year, Aid given as grants, Aid given as concessional loans, Aid given as grants (Annotations)...

✓ Saved cleaned dataset to 02_Datasets_Limpios/general/general_owid_total-oda-for-aid-for-trade-by-recipient_global_2023_2023_20260212214138.csv
✅ Copilot SDK client initialized (using GitHub Copilot subscription)
Schema validation warning: expected series 'Official development assistance (ODA) by recipient' to have type float64, got int64
[2026-02-12 15:41:38] INFO in ingestion: Saved raw data to 01_Raw_Data_Bank/OWID/total-official-development-assistance-for-technical-cooperation_20260212_154138.csv
[2026-02-12 15:41:38] INFO in ingestion: Retrieved 135 records from OWID
[2026-02-12 15:41:38] INFO in ingestion:   Columns: country, country_code, year, Total official development assistance (gross disbursement) for technical cooperation (millions of 2023 United States dollars)...
   Note: Ensure copilot CLI is installed and authenticated[2026-02-12 15:41:38] INFO in ingestion: Saved raw data to 01_Raw_Data_Bank/OWID/total-oda-for-aid-for-trade-by-donor_20260212_154138.csv

[2026-02-12 15:41:38] INFO in ingestion: Retrieved 49 records from OWID
[2026-02-12 15:41:38] INFO in ingestion:   Columns: country, country_code, year, Total official flows (commitments) for Aid for Trade, by donor countries (millions of constant 2023 United States dollars), Total official flows (commitments) for Aid for Trade, by donor countries (millions of constant 2023 United States dollars) (Original Year)...
[2026-02-12 15:41:38] INFO in ingestion: Saved raw data to 01_Raw_Data_Bank/OWID/official-development-assistance-donor-bilateral-multilateral_20260212_154138.csv
[2026-02-12 15:41:38] INFO in ingestion: Retrieved 65 records from OWID
[2026-02-12 15:41:38] INFO in ingestion:   Columns: country, year, Bilateral aid, Multilateral aid, Bilateral aid (Annotations)...
✓ Saved cleaned dataset to 02_Datasets_Limpios/general/general_owid_foreign-aid-received-net_global_2024_2024_20260212214138.csv
Schema validation warning: expected series 'ODA by donor - Overseas aid' to have type float64, got int64
✅ Copilot SDK client initialized (using GitHub Copilot subscription)
   Note: Ensure copilot CLI is installed and authenticated
🔧 Registered tool: search_datasets
🔧 Registered tool: search_datasetsSchema validation warning: expected series 'Bilateral aid' to have type float64, got int64
🔧 Registered tool: search_datasets🔧 Registered tool: search_datasets
🔧 Registered tool: list_local_datasets
🔧 Registered tool: preview_data
🔧 Registered tool: download_owid[2026-02-12 15:41:38] INFO in ingestion: Saved raw data to 01_Raw_Data_Bank/OWID/foreign-aid-given-net-flows-vs-grant-equivalents-line_20260212_154138.csv
🔧 Registered tool: search_datasets🔧 Registered tool: search_datasets

🔧 Registered tool: get_metadata
🔧 Registered tool: analyze_data
🔧 Registered tool: recommend_datasets[2026-02-12 15:41:38] INFO in ingestion: Retrieved 28 records from OWID
[2026-02-12 15:41:38] INFO in ingestion:   Columns: country, country_code, year, Net flows, Grant equivalents...

✓ Saved cleaned dataset to 02_Datasets_Limpios/general/general_owid_amount-of-foreign-aid-spend-in-recipient-countries_global_2010_2024_20260212214138.csv

🔧 Registered tool: list_local_datasets🔧 Registered tool: search_datasets
🔧 Registered tool: list_local_datasets
🔧 Registered tool: list_local_datasets

🔧 Registered tool: preview_data🔧 Registered tool: semantic_search_datasets🔧 Registered tool: preview_data🔧 Registered tool: preview_data
🔧 Registered tool: download_owid


🔧 Registered tool: download_owid
🔧 Registered tool: get_metadata🔧 Registered tool: list_local_datasets✓ Saved cleaned dataset to 02_Datasets_Limpios/general/general_owid_official-development-assistance-donor-bilateral-multilateral_global_1960_2024_20260212214138.csv



🔧 Registered tool: download_owid✅ Copilot SDK client initialized (using GitHub Copilot subscription)🔧 Registered tool: run_sql_query🔧 Registered tool: search_datasets
🔧 Registered tool: analyze_data

   Note: Ensure copilot CLI is installed and authenticated

✅ Copilot SDK client initialized (using GitHub Copilot subscription)[2026-02-12 15:41:38] INFO in ingestion: Saved raw data to 01_Raw_Data_Bank/OWID/foreign-aid-and-investments-received_20260212_154138.csv
🔧 Registered tool: get_metadata
🔧 Registered tool: get_metadata
🔧 Registered tool: analyze_data
🔧 Registered tool: recommend_datasets
🔧 Registered tool: semantic_search_datasets
🔧 Registered tool: list_local_datasets

[2026-02-12 15:41:38] INFO in ingestion: Retrieved 140 records from OWID
🔧 Registered tool: list_local_datasets
🔧 Registered tool: preview_data🔧 Registered tool: recommend_datasets[2026-02-12 15:41:38] INFO in ingestion:   Columns: country, country_code, year, 10.b.1 - Total assistance for development, by recipient countries (millions of current United States dollars) - DC_TRF_TOTL, 10.b.1 - Total assistance for development, by recipient countries (millions of current United States dollars) - DC_TRF_TOTL (Original Year)...

🔧 Registered tool: run_sql_query🔧 Registered tool: preview_data
🔧 Registered tool: list_local_datasets
🔧 Registered tool: search_datasets
🔧 Registered tool: list_local_datasets
🔧 Registered tool: preview_data
🔧 Registered tool: download_owid
🔧 Registered tool: get_metadata
🔧 Registered tool: fork_dataset[2026-02-12 15:41:38] INFO in ingestion: Saved raw data to 01_Raw_Data_Bank/OWID/net-official-development-assistance-and-aid-received_20260212_154138.csv

🔧 Registered tool: preview_data🔧 Registered tool: analyze_data
🔧 Registered tool: recommend_datasets

🔧 Registered tool: semantic_search_datasets
🔧 Registered tool: run_sql_query
🔧 Registered tool: preview_data
🔧 Registered tool: download_owid
🔧 Registered tool: get_metadata[2026-02-12 15:41:38] INFO in ingestion: Retrieved 136 records from OWID
[2026-02-12 15:41:38] INFO in ingestion:   Columns: country, country_code, year, Net official development assistance and official aid received (constant 2023 US$)...

   Note: Ensure copilot CLI is installed and authenticated🔧 Registered tool: analyze_data


🔧 Registered tool: download_owid🔧 Registered tool: search_datasets🔧 Registered tool: get_dataset_versions

🔧 Registered tool: download_owid
🔧 Registered tool: semantic_search_datasets🔧 Registered tool: download_owid

🔧 Registered tool: recommend_datasets

🔧 Registered tool: fork_dataset🔧 Registered tool: analyze_data

🔧 Registered tool: get_dataset_statistics
🔧 Registered tool: export_preview_csv🔧 Registered tool: get_metadata

🔧 Registered tool: get_dataset_versions

🔧 Registered tool: get_dataset_statistics

🔧 Registered tool: list_local_datasets🔧 Registered tool: get_metadata
🔧 Registered tool: get_metadata


🔧 Registered tool: export_preview_csv🔧 Registered tool: semantic_search_datasets🔧 Registered tool: fork_dataset🔧 Registered tool: list_datasets_with_filters
🔧 Registered tool: get_dataset_versions

🔧 Registered tool: get_dataset_statistics🔧 Registered tool: preview_data
🔧 Registered tool: run_sql_querySchema validation warning: expected series 'Unspecified aid' to have type float64, got int64🔧 Registered tool: export_preview_csv
🔧 Registered tool: fork_dataset
🔧 Registered tool: get_dataset_versions
🔧 Registered tool: recommend_datasets🔧 Registered tool: analyze_data

🔧 Registered tool: run_sql_query

🔧 Registered tool: fork_dataset
🔧 Registered tool: recommend_datasets
🔧 Registered tool: get_dataset_statistics
🔧 Registered tool: analyze_data

🔧 Registered tool: list_datasets_with_filters

🔧 Registered tool: recommend_datasets
🔧 Registered tool: list_datasets_with_filters
🔧 Registered tool: semantic_search_datasets
🔧 Registered tool: run_sql_query
🔧 Registered tool: fork_dataset🔧 Registered tool: list_available_tools🔧 Registered tool: semantic_search_datasets🔧 Registered tool: analyze_data


🔧 Registered tool: download_owid
🔧 Registered tool: semantic_search_datasets🔧 Registered tool: run_sql_query
🔧 Registered tool: list_available_tools
✅ Registered 15 MCP tools
⚠️  Warning: Could not initialize Copilot SDK: There is no current event loop in thread 'Thread-25 (process_request_thread)'.🔧 Registered tool: export_preview_csv🔧 Registered tool: get_dataset_versions🔧 Registered tool: list_available_tools
✅ Registered 15 MCP tools

🔧 Registered tool: get_metadata
🔧 Registered tool: list_datasets_with_filters




✅ Registered 15 MCP tools
🔧 Registered tool: list_available_tools
🔧 Registered tool: recommend_datasets🔧 Registered tool: get_dataset_statistics
🔧 Registered tool: run_sql_query
⚠️  Warning: Could not initialize Copilot SDK: There is no current event loop in thread 'Thread-27 (process_request_thread)'.🔧 Registered tool: semantic_search_datasets
✓ Saved cleaned dataset to 02_Datasets_Limpios/general/general_owid_foreign-aid-given-by-sector_global_1971_2024_20260212214138.csv

✅ Copilot SDK client initialized (using GitHub Copilot subscription)
🔧 Registered tool: get_dataset_versions
✅ Registered 15 MCP tools
⚠️  Warning: Could not initialize Copilot SDK: There is no current event loop in thread 'Thread-29 (process_request_thread)'.

🔧 Registered tool: analyze_data🔧 Registered tool: fork_dataset   Falling back to template-based metadata generation   Note: Ensure copilot CLI is installed and authenticated   Falling back to template-based metadata generation🔧 Registered tool: export_preview_csv⚠️  Warning: Could not initialize Copilot SDK: There is no current event loop in thread 'Thread-15 (process_request_thread)'.
🔧 Registered tool: fork_dataset

🔧 Registered tool: get_dataset_versions
🔧 Registered tool: get_dataset_statistics
🔧 Registered tool: get_dataset_versions
🔧 Registered tool: get_dataset_statistics

[2026-02-12 15:41:38] INFO in ingestion: Fetching OWID metadata: amount-of-foreign-aid-spend-in-recipient-countries

[2026-02-12 15:41:38] INFO in ingestion: Fetching OWID metadata: total-oda-for-aid-for-trade-by-recipient

🔧 Registered tool: get_dataset_statistics


🔧 Registered tool: export_preview_csv🔧 Registered tool: list_datasets_with_filters
   Falling back to template-based metadata generation

🔧 Registered tool: search_datasets
🔧 Registered tool: list_local_datasets
🔧 Registered tool: recommend_datasets🔧 Registered tool: export_preview_csv🔧 Registered tool: export_preview_csv
🔧 Registered tool: list_datasets_with_filters
🔧 Registered tool: list_available_tools
✅ Registered 15 MCP tools
   Falling back to template-based metadata generation



🔧 Registered tool: preview_data🔧 Registered tool: list_available_tools
[2026-02-12 15:41:38] INFO in ingestion: Fetching OWID metadata: foreign-aid-given-as-a-share-of-national-income
🔧 Registered tool: list_datasets_with_filters
🔧 Registered tool: list_available_tools

🔧 Registered tool: list_datasets_with_filters

🔧 Registered tool: download_owid🔧 Registered tool: semantic_search_datasets🔧 Registered tool: run_sql_query
✅ Registered 15 MCP tools
🔧 Registered tool: get_metadata
🔧 Registered tool: analyze_data⚠️  Warning: Could not initialize Copilot SDK: There is no current event loop in thread 'Thread-18 (process_request_thread)'.

🔧 Registered tool: recommend_datasets
🔧 Registered tool: semantic_search_datasets
🔧 Registered tool: run_sql_query

🔧 Registered tool: list_available_tools
✅ Registered 15 MCP tools[2026-02-12 15:41:38] INFO in ingestion: Fetching OWID metadata: oda-for-scholarships
🔧 Registered tool: fork_dataset
✅ Registered 15 MCP tools⚠️  Warning: Could not initialize Copilot SDK: There is no current event loop in thread 'Thread-24 (process_request_thread)'.
🔧 Registered tool: fork_dataset
🔧 Registered tool: get_dataset_versions🔧 Registered tool: get_dataset_versions



   Falling back to template-based metadata generation🔧 Registered tool: get_dataset_statistics🔧 Registered tool: get_dataset_statistics

   Falling back to template-based metadata generation🔧 Registered tool: run_sql_query
🔧 Registered tool: export_preview_csv


⚠️  Warning: Could not initialize Copilot SDK: There is no current event loop in thread 'Thread-16 (process_request_thread)'.🔧 Registered tool: fork_dataset
[2026-02-12 15:41:38] INFO in ingestion: Fetching OWID metadata: share-of-foreign-aid-spent-within-donor-countries
⚠️  Warning: Could not initialize Copilot SDK: There is no current event loop in thread 'Thread-32 (process_request_thread)'.
   Falling back to template-based metadata generation

🔧 Registered tool: get_dataset_versions🔧 Registered tool: export_preview_csv
🔧 Registered tool: list_datasets_with_filters


[2026-02-12 15:41:38] INFO in ingestion: Fetching OWID metadata: net-oda-to-medical-research

🔧 Registered tool: get_dataset_statistics🔧 Registered tool: list_available_tools   Falling back to template-based metadata generation

🔧 Registered tool: export_preview_csv

✅ Registered 15 MCP tools
⚠️  Warning: Could not initialize Copilot SDK: There is no current event loop in thread 'Thread-21 (process_request_thread)'.
🔧 Registered tool: list_datasets_with_filters   Falling back to template-based metadata generation

🔧 Registered tool: list_available_tools
✅ Registered 15 MCP tools
⚠️  Warning: Could not initialize Copilot SDK: There is no current event loop in thread 'Thread-30 (process_request_thread)'.
   Falling back to template-based metadata generation
[2026-02-12 15:41:38] INFO in ingestion: Fetching OWID metadata: foreign-aid-given-to-least-developed-countries-as-a-share-of-donors-national-income
🔧 Registered tool: list_datasets_with_filters[2026-02-12 15:41:38] INFO in ingestion: Fetching OWID metadata: foreign-aid-received-net
[2026-02-12 15:41:38] INFO in ingestion: Fetching OWID metadata: foreign-aid-received-by-income-group

🔧 Registered tool: list_available_tools
[2026-02-12 15:41:38] INFO in ingestion: Fetching OWID metadata: official-development-assistance-donor-bilateral-multilateral
✓ Saved cleaned dataset to 02_Datasets_Limpios/general/general_owid_personal-remittances-oda_global_1960_2024_20260212214138.csv✅ Registered 15 MCP tools
⚠️  Warning: Could not initialize Copilot SDK: There is no current event loop in thread 'Thread-19 (process_request_thread)'.
   Falling back to template-based metadata generation
[2026-02-12 15:41:38] INFO in ingestion: Fetching OWID metadata: foreign-aid-given-by-sector

✅ Copilot SDK client initialized (using GitHub Copilot subscription)
   Note: Ensure copilot CLI is installed and authenticated
🔧 Registered tool: search_datasets
🔧 Registered tool: list_local_datasets
🔧 Registered tool: preview_data
🔧 Registered tool: download_owid
🔧 Registered tool: get_metadata
🔧 Registered tool: analyze_data
🔧 Registered tool: recommend_datasets
🔧 Registered tool: semantic_search_datasets
🔧 Registered tool: run_sql_query
🔧 Registered tool: fork_dataset
🔧 Registered tool: get_dataset_versions
🔧 Registered tool: get_dataset_statistics
🔧 Registered tool: export_preview_csv
🔧 Registered tool: list_datasets_with_filters
🔧 Registered tool: list_available_tools
✅ Registered 15 MCP tools
⚠️  Warning: Could not initialize Copilot SDK: There is no current event loop in thread 'Thread-28 (process_request_thread)'.
   Falling back to template-based metadata generation
[2026-02-12 15:41:38] INFO in ingestion: Fetching OWID metadata: personal-remittances-oda
[2026-02-12 15:41:38] INFO in ingestion: Saved raw data to 01_Raw_Data_Bank/OWID/foreign-aid-and-investments-given_20260212_154138.csv
[2026-02-12 15:41:38] INFO in ingestion: Retrieved 325 records from OWID
[2026-02-12 15:41:38] INFO in ingestion:   Columns: country, country_code, year, Official and private flows by donor - Net disbursements...
Schema validation warning: expected series '10.b.1 - Total assistance for development, by recipient countries (millions of current United States dollars) - DC_TRF_TOTL (Original Year)' to have type float64, got Int64
[2026-02-12 15:41:39] INFO in ingestion: Saved raw data to 01_Raw_Data_Bank/OWID/government-vs-private-aid-by-donor_20260212_154138.csv
[2026-02-12 15:41:39] INFO in ingestion: Retrieved 55 records from OWID
[2026-02-12 15:41:39] INFO in ingestion:   Columns: country, year, Aid by governments, Aid by civil society organizations, Aid by governments (Annotations)...
✓ Saved cleaned dataset to 02_Datasets_Limpios/general/general_owid_foreign-aid-and-investments-received_global_2021_2021_20260212214139.csv
✅ Copilot SDK client initialized (using GitHub Copilot subscription)
   Note: Ensure copilot CLI is installed and authenticated
🔧 Registered tool: search_datasets
🔧 Registered tool: list_local_datasets
🔧 Registered tool: preview_data
🔧 Registered tool: download_owid
🔧 Registered tool: get_metadata
🔧 Registered tool: analyze_data
🔧 Registered tool: recommend_datasets
🔧 Registered tool: semantic_search_datasets
🔧 Registered tool: run_sql_query
🔧 Registered tool: fork_dataset
🔧 Registered tool: get_dataset_versions
🔧 Registered tool: get_dataset_statistics
🔧 Registered tool: export_preview_csv
🔧 Registered tool: list_datasets_with_filters
🔧 Registered tool: list_available_tools
✅ Registered 15 MCP tools
⚠️  Warning: Could not initialize Copilot SDK: There is no current event loop in thread 'Thread-36 (process_request_thread)'.
   Falling back to template-based metadata generation
[2026-02-12 15:41:39] INFO in ingestion: Fetching OWID metadata: foreign-aid-and-investments-received
Schema validation warning: expected series 'Total official flows (commitments) for Aid for Trade, by donor countries (millions of constant 2023 United States dollars) (Original Year)' to have type float64, got Int64
Schema validation warning: expected series 'Net official development assistance and official aid received (constant 2023 US$)' to have type float64, got int64✓ Saved cleaned dataset to 02_Datasets_Limpios/general/general_owid_total-oda-for-aid-for-trade-by-donor_global_2023_2023_20260212214139.csv
✅ Copilot SDK client initialized (using GitHub Copilot subscription)
   Note: Ensure copilot CLI is installed and authenticated
🔧 Registered tool: search_datasets
🔧 Registered tool: list_local_datasets
🔧 Registered tool: preview_data
🔧 Registered tool: download_owid
🔧 Registered tool: get_metadata
🔧 Registered tool: analyze_data
🔧 Registered tool: recommend_datasets
🔧 Registered tool: semantic_search_datasets
🔧 Registered tool: run_sql_query
🔧 Registered tool: fork_dataset
🔧 Registered tool: get_dataset_versions
🔧 Registered tool: get_dataset_statistics
🔧 Registered tool: export_preview_csv
🔧 Registered tool: list_datasets_with_filters
🔧 Registered tool: list_available_tools
✅ Registered 15 MCP tools
⚠️  Warning: Could not initialize Copilot SDK: There is no current event loop in thread 'Thread-26 (process_request_thread)'.
   Falling back to template-based metadata generation
[2026-02-12 15:41:39] INFO in ingestion: Fetching OWID metadata: total-oda-for-aid-for-trade-by-donor

✓ Saved cleaned dataset to 02_Datasets_Limpios/general/general_owid_net-official-development-assistance-and-aid-received_global_2023_2023_20260212214139.csv✓ Saved cleaned dataset to 02_Datasets_Limpios/general/general_owid_total-official-development-assistance-for-technical-cooperation_global_2023_2023_20260212214139.csv
✅ Copilot SDK client initialized (using GitHub Copilot subscription)

   Note: Ensure copilot CLI is installed and authenticated
🔧 Registered tool: search_datasets
🔧 Registered tool: list_local_datasets✓ Saved cleaned dataset to 02_Datasets_Limpios/general/general_owid_foreign-aid-given-per-capita_global_1960_2024_20260212214139.csv
🔧 Registered tool: preview_data
✅ Copilot SDK client initialized (using GitHub Copilot subscription)

🔧 Registered tool: download_owid
🔧 Registered tool: get_metadata   Note: Ensure copilot CLI is installed and authenticated✅ Copilot SDK client initialized (using GitHub Copilot subscription)
   Note: Ensure copilot CLI is installed and authenticated
🔧 Registered tool: search_datasets
🔧 Registered tool: list_local_datasets
🔧 Registered tool: preview_data
🔧 Registered tool: download_owid
🔧 Registered tool: get_metadata
🔧 Registered tool: search_datasets
Schema validation warning: expected series 'Aid given as grants' to have type float64, got int64


[2026-02-12 15:41:39] INFO in ingestion: Retrieved metadata for oda-for-scholarships
🔧 Registered tool: analyze_data
🔧 Registered tool: analyze_data✓ Saved metadata to 03_Metadata_y_Notas/general_owid_oda-for-scholarships_global_2023_2023_20260212214138.md🔧 Registered tool: list_local_datasets✓ Saved cleaned dataset to 02_Datasets_Limpios/general/general_owid_foreign-aid-given-as-grants-and-concessional-loans_global_1960_2024_20260212214139.csv


🔧 Registered tool: recommend_datasets🔧 Registered tool: preview_data
Schema validation warning: expected series 'Official and private flows by donor - Net disbursements' to have type float64, got int64
Schema validation warning: expected series 'Official development assistance (ODA) and private grants by donor - Net disbursements' to have type float64, got int64
[2026-02-12 15:41:39] INFO in ingestion: Saved raw data to 01_Raw_Data_Bank/OWID/foreign-aid-given-to-donor-countries_20260212_154139.csv
[2026-02-12 15:41:39] INFO in ingestion: Retrieved 15 records from OWID
[2026-02-12 15:41:39] INFO in ingestion:   Columns: country, year, Development awareness, Scholarships and student costs in donor countries, Administrative costs...

✅ Copilot SDK client initialized (using GitHub Copilot subscription)🔧 Registered tool: semantic_search_datasets🔧 Registered tool: recommend_datasets

🔧 Registered tool: download_owid


🔧 Registered tool: run_sql_query
🔧 Registered tool: fork_dataset🔧 Registered tool: get_metadata
🔧 Registered tool: semantic_search_datasets
🔧 Registered tool: get_dataset_versions   Note: Ensure copilot CLI is installed and authenticated

[2026-02-12 15:41:39] INFO in ingestion: Retrieved metadata for foreign-aid-given-as-a-share-of-national-income

🔧 Registered tool: search_datasets✓ Saved cleaned dataset to 02_Datasets_Limpios/general/general_owid_foreign-aid-given-net_global_1960_2024_20260212214139.csv
🔧 Registered tool: analyze_data🔧 Registered tool: get_dataset_statistics
🔧 Registered tool: export_preview_csv
🔧 Registered tool: list_datasets_with_filters

✅ Copilot SDK client initialized (using GitHub Copilot subscription)
   Note: Ensure copilot CLI is installed and authenticated🔧 Registered tool: recommend_datasets
🔧 Registered tool: semantic_search_datasets
🔧 Registered tool: run_sql_query
🔧 Registered tool: run_sql_query

🔧 Registered tool: fork_dataset
🔧 Registered tool: get_dataset_versions
🔧 Registered tool: list_available_tools🔧 Registered tool: get_dataset_statistics
🔧 Registered tool: fork_dataset

🔧 Registered tool: get_dataset_versions
🔧 Registered tool: get_dataset_statistics
🔧 Registered tool: export_preview_csv✓ Saved cleaned dataset to 02_Datasets_Limpios/general/general_owid_foreign-aid-and-investments-given_global_1960_2024_20260212214139.csv
🔧 Registered tool: search_datasets✅ Registered 15 MCP tools
⚠️  Warning: Could not initialize Copilot SDK: There is no current event loop in thread 'Thread-23 (process_request_thread)'.

🔧 Registered tool: list_datasets_with_filters
🔧 Registered tool: list_available_tools🔧 Registered tool: list_local_datasets


🔧 Registered tool: export_preview_csv   Falling back to template-based metadata generation✅ Registered 15 MCP tools🔧 Registered tool: list_local_datasets


⚠️  Warning: Could not initialize Copilot SDK: There is no current event loop in thread 'Thread-31 (process_request_thread)'.✓ Saved metadata to 03_Metadata_y_Notas/general_owid_foreign-aid-given-as-a-share-of-national-income_global_1960_2024_20260212214138.md🔧 Registered tool: preview_data

🔧 Registered tool: list_datasets_with_filters🔧 Registered tool: download_owid✅ Copilot SDK client initialized (using GitHub Copilot subscription)




🔧 Registered tool: list_available_tools
[2026-02-12 15:41:39] INFO in ingestion: Fetching OWID metadata: foreign-aid-given-per-capita
✅ Registered 15 MCP tools
🔧 Registered tool: get_metadata   Note: Ensure copilot CLI is installed and authenticated
🔧 Registered tool: search_datasetsSchema validation warning: expected series 'Aid by governments' to have type float64, got int64   Falling back to template-based metadata generation



⚠️  Warning: Could not initialize Copilot SDK: There is no current event loop in thread 'Thread-38 (process_request_thread)'.
[2026-02-12 15:41:39] INFO in ingestion: Fetching OWID metadata: total-official-development-assistance-for-technical-cooperation

   Falling back to template-based metadata generation🔧 Registered tool: preview_data
[2026-02-12 15:41:39] INFO in ingestion: Fetching OWID metadata: net-official-development-assistance-and-aid-received
🔧 Registered tool: list_local_datasets
🔧 Registered tool: download_owid
🔧 Registered tool: preview_data
🔧 Registered tool: download_owid
🔧 Registered tool: analyze_data
🔧 Registered tool: get_metadata
🔧 Registered tool: analyze_data
[2026-02-12 15:41:39] INFO in ingestion: Retrieved metadata for foreign-aid-given-to-least-developed-countries-as-a-share-of-donors-national-income
🔧 Registered tool: get_metadata🔧 Registered tool: recommend_datasets
🔧 Registered tool: semantic_search_datasets

🔧 Registered tool: recommend_datasets
🔧 Registered tool: semantic_search_datasets
[2026-02-12 15:41:39] INFO in download: AI package created: 4 files
🔧 Registered tool: run_sql_query
🔧 Registered tool: fork_dataset🔧 Registered tool: analyze_dataSchema validation warning: expected series 'Development awareness' to have type float64, got int64

✓ Saved cleaned dataset to 02_Datasets_Limpios/general/general_owid_government-vs-private-aid-by-donor_global_1970_2024_20260212214139.csv
🔧 Registered tool: recommend_datasets
🔧 Registered tool: semantic_search_datasets
🔧 Registered tool: run_sql_query

🔧 Registered tool: get_dataset_versions
🔧 Registered tool: get_dataset_statistics🔧 Registered tool: run_sql_query


🔧 Registered tool: export_preview_csv✅ Copilot SDK client initialized (using GitHub Copilot subscription)
🔧 Registered tool: fork_dataset
🔧 Registered tool: list_datasets_with_filters
🔧 Registered tool: list_available_tools
✅ Registered 15 MCP tools   Note: Ensure copilot CLI is installed and authenticated
🔧 Registered tool: search_datasets
[2026-02-12 15:41:39] INFO in ingestion: Retrieved metadata for official-development-assistance-donor-bilateral-multilateral

🔧 Registered tool: get_dataset_versions
🔧 Registered tool: get_dataset_statistics
🔧 Registered tool: export_preview_csv
🔧 Registered tool: list_datasets_with_filters
🔧 Registered tool: list_available_tools
✅ Registered 15 MCP tools
🔧 Registered tool: fork_dataset
🔧 Registered tool: get_dataset_versions
🔧 Registered tool: get_dataset_statistics
🔧 Registered tool: export_preview_csv
🔧 Registered tool: list_datasets_with_filters
🔧 Registered tool: list_available_tools
✅ Registered 15 MCP tools
⚠️  Warning: Could not initialize Copilot SDK: There is no current event loop in thread 'Thread-14 (process_request_thread)'.
   Falling back to template-based metadata generation
⚠️  Warning: Could not initialize Copilot SDK: There is no current event loop in thread 'Thread-35 (process_request_thread)'.
🔧 Registered tool: list_local_datasets
Schema validation warning: expected series 'Administrative costs (Original Year)' to have type float64, got Int64
🔧 Registered tool: preview_data
🔧 Registered tool: download_owid
🔧 Registered tool: get_metadata
✓ Saved cleaned dataset to 02_Datasets_Limpios/general/general_owid_foreign-aid-given-to-donor-countries_global_2010_2024_20260212214139.csv

[2026-02-12 15:41:39] INFO in ingestion: Retrieved metadata for net-oda-to-medical-research
   Falling back to template-based metadata generation
🔧 Registered tool: analyze_data⚠️  Warning: Could not initialize Copilot SDK: There is no current event loop in thread 'Thread-22 (process_request_thread)'.[2026-02-12 15:41:39] INFO in ingestion: Fetching OWID metadata: foreign-aid-and-investments-given

[2026-02-12 15:41:39] INFO in ingestion: Fetching OWID metadata: foreign-aid-given-net

   Falling back to template-based metadata generation
[2026-02-12 15:41:39] INFO in ingestion: Fetching OWID metadata: foreign-aid-given-as-grants-and-concessional-loans
✅ Copilot SDK client initialized (using GitHub Copilot subscription)
   Note: Ensure copilot CLI is installed and authenticated
🔧 Registered tool: search_datasets
🔧 Registered tool: list_local_datasets
🔧 Registered tool: preview_data
🔧 Registered tool: download_owid
🔧 Registered tool: get_metadata
🔧 Registered tool: recommend_datasets
🔧 Registered tool: semantic_search_datasets🔧 Registered tool: analyze_data✓ Saved metadata to 03_Metadata_y_Notas/general_owid_foreign-aid-given-to-least-developed-countries-as-a-share-of-donors-national-income_global_2000_2023_20260212214138.md
🔧 Registered tool: run_sql_query
🔧 Registered tool: fork_dataset
🔧 Registered tool: get_dataset_versions
🔧 Registered tool: get_dataset_statistics


✓ Saved metadata to 03_Metadata_y_Notas/general_owid_net-oda-to-medical-research_global_2023_2023_20260212214138.md🔧 Registered tool: recommend_datasets

[2026-02-12 15:41:39] INFO in ingestion: Retrieved metadata for total-oda-for-aid-for-trade-by-recipient
✓ Saved metadata to 03_Metadata_y_Notas/general_owid_official-development-assistance-donor-bilateral-multilateral_global_1960_2024_20260212214138.md🔧 Registered tool: export_preview_csv🔧 Registered tool: semantic_search_datasets✓ Saved cleaned dataset to 02_Datasets_Limpios/general/general_owid_foreign-aid-given-to-donor-countries-share_global_2024_2024_20260212214139.csv[2026-02-12 15:41:39] INFO in download: AI package created: 4 files


🔧 Registered tool: list_datasets_with_filters
🔧 Registered tool: list_available_tools
✅ Registered 15 MCP tools
🔧 Registered tool: run_sql_query
🔧 Registered tool: fork_dataset
[2026-02-12 15:41:39] INFO in ingestion: Retrieved metadata for total-oda-for-aid-for-trade-by-donor


🔧 Registered tool: get_dataset_versions
🔧 Registered tool: get_dataset_statistics
🔧 Registered tool: export_preview_csv⚠️  Warning: Could not initialize Copilot SDK: There is no current event loop in thread 'Thread-34 (process_request_thread)'.
   Falling back to template-based metadata generation
[2026-02-12 15:41:39] INFO in ingestion: Fetching OWID metadata: government-vs-private-aid-by-donor
✅ Copilot SDK client initialized (using GitHub Copilot subscription)
🔧 Registered tool: list_datasets_with_filters

🔧 Registered tool: list_available_tools
✅ Registered 15 MCP tools   Note: Ensure copilot CLI is installed and authenticated

🔧 Registered tool: search_datasets
🔧 Registered tool: list_local_datasets
🔧 Registered tool: preview_data
🔧 Registered tool: download_owid
🔧 Registered tool: get_metadata
🔧 Registered tool: analyze_data⚠️  Warning: Could not initialize Copilot SDK: There is no current event loop in thread 'Thread-37 (process_request_thread)'.
   Falling back to template-based metadata generation
[2026-02-12 15:41:39] INFO in ingestion: Fetching OWID metadata: foreign-aid-given-to-donor-countries

🔧 Registered tool: recommend_datasets
🔧 Registered tool: semantic_search_datasets
🔧 Registered tool: run_sql_query
🔧 Registered tool: fork_dataset✓ Saved metadata to 03_Metadata_y_Notas/general_owid_total-oda-for-aid-for-trade-by-donor_global_2023_2023_20260212214139.mdSchema validation warning: expected series 'ODA by recipient (% of GNI) (Original Year)' to have type float64, got Int64


🔧 Registered tool: get_dataset_versions
🔧 Registered tool: get_dataset_statistics✓ Saved metadata to 03_Metadata_y_Notas/general_owid_total-oda-for-aid-for-trade-by-recipient_global_2023_2023_20260212214138.md
🔧 Registered tool: export_preview_csv
🔧 Registered tool: list_datasets_with_filters
🔧 Registered tool: list_available_tools
✅ Registered 15 MCP tools
⚠️  Warning: Could not initialize Copilot SDK: There is no current event loop in thread 'Thread-17 (process_request_thread)'.
   Falling back to template-based metadata generation

[2026-02-12 15:41:39] INFO in ingestion: Fetching OWID metadata: foreign-aid-given-to-donor-countries-share
Schema validation warning: expected series 'Net flows' to have type float64, got int64[2026-02-12 15:41:39] INFO in ingestion: Retrieved metadata for amount-of-foreign-aid-spend-in-recipient-countries

[2026-02-12 15:41:39] INFO in ingestion: Retrieved metadata for foreign-aid-received-net
[2026-02-12 15:41:39] INFO in ingestion: Retrieved metadata for foreign-aid-received-by-income-group
✓ Saved metadata to 03_Metadata_y_Notas/general_owid_amount-of-foreign-aid-spend-in-recipient-countries_global_2010_2024_20260212214138.md
✓ Saved metadata to 03_Metadata_y_Notas/general_owid_foreign-aid-received-net_global_2024_2024_20260212214138.md
[2026-02-12 15:41:39] INFO in download: AI package created: 4 files
[2026-02-12 15:41:39] INFO in download: AI package created: 4 files
[2026-02-12 15:41:39] INFO in ingestion: Retrieved metadata for foreign-aid-given-per-capita
✓ Saved cleaned dataset to 02_Datasets_Limpios/general/general_owid_foreign-aid-received-as-a-share-of-national-income-net_global_2024_2024_20260212214139.csv
✓ Saved metadata to 03_Metadata_y_Notas/general_owid_foreign-aid-received-by-income-group_global_1960_2024_20260212214138.md[2026-02-12 15:41:39] INFO in download: AI package created: 4 files

✅ Copilot SDK client initialized (using GitHub Copilot subscription)
   Note: Ensure copilot CLI is installed and authenticated
🔧 Registered tool: search_datasets
🔧 Registered tool: list_local_datasets✓ Saved metadata to 03_Metadata_y_Notas/general_owid_foreign-aid-given-per-capita_global_1960_2024_20260212214139.md✓ Saved cleaned dataset to 02_Datasets_Limpios/general/general_owid_foreign-aid-given-net-flows-vs-grant-equivalents-line_global_2018_2024_20260212214139.csv
🔧 Registered tool: preview_data
🔧 Registered tool: download_owid
🔧 Registered tool: get_metadata


[2026-02-12 15:41:39] INFO in download: AI package created: 4 files
🔧 Registered tool: analyze_data[2026-02-12 15:41:39] INFO in download: AI package created: 4 files
✅ Copilot SDK client initialized (using GitHub Copilot subscription)

🔧 Registered tool: recommend_datasets
🔧 Registered tool: semantic_search_datasets
🔧 Registered tool: run_sql_query   Note: Ensure copilot CLI is installed and authenticated[2026-02-12 15:41:39] INFO in download: AI package created: 4 files


🔧 Registered tool: search_datasets🔧 Registered tool: fork_dataset
🔧 Registered tool: get_dataset_versions
🔧 Registered tool: get_dataset_statistics

🔧 Registered tool: list_local_datasets🔧 Registered tool: export_preview_csv
🔧 Registered tool: preview_data
🔧 Registered tool: list_datasets_with_filters
🔧 Registered tool: list_available_tools
🔧 Registered tool: download_owid
🔧 Registered tool: get_metadata

🔧 Registered tool: analyze_data
🔧 Registered tool: recommend_datasets
✅ Registered 15 MCP tools
🔧 Registered tool: semantic_search_datasets⚠️  Warning: Could not initialize Copilot SDK: There is no current event loop in thread 'Thread-20 (process_request_thread)'.
🔧 Registered tool: run_sql_query
[2026-02-12 15:41:39] INFO in download: AI package created: 4 files
[2026-02-12 15:41:39] INFO in download: AI package created: 4 files
   Falling back to template-based metadata generation
[2026-02-12 15:41:39] INFO in ingestion: Fetching OWID metadata: foreign-aid-received-as-a-share-of-national-income-net

🔧 Registered tool: fork_dataset
🔧 Registered tool: get_dataset_versions
🔧 Registered tool: get_dataset_statistics
🔧 Registered tool: export_preview_csv
🔧 Registered tool: list_datasets_with_filters
🔧 Registered tool: list_available_tools
✅ Registered 15 MCP tools
⚠️  Warning: Could not initialize Copilot SDK: There is no current event loop in thread 'Thread-33 (process_request_thread)'.[2026-02-12 15:41:39] INFO in download: AI package created: 4 files

   Falling back to template-based metadata generation
[2026-02-12 15:41:39] INFO in ingestion: Fetching OWID metadata: foreign-aid-given-net-flows-vs-grant-equivalents-line
✓ Indexed: general_owid_oda-for-scholarships_global_2023_2023_20260212214138.csv
[2026-02-12 15:41:39] INFO in download: Indexed dataset: 02_Datasets_Limpios/general/general_owid_oda-for-scholarships_global_2023_2023_20260212214138.csv
190.164.212.239 - - [12/Feb/2026 15:41:39] "POST /api/download/start HTTP/1.1" 200 -
[2026-02-12 15:41:39] INFO in ingestion: Retrieved metadata for net-official-development-assistance-and-aid-received
✓ Indexed: general_owid_official-development-assistance-donor-bilateral-multilateral_global_1960_2024_20260212214138.csv✓ Saved metadata to 03_Metadata_y_Notas/general_owid_net-official-development-assistance-and-aid-received_global_2023_2023_20260212214139.md
[2026-02-12 15:41:39] INFO in ingestion: Retrieved metadata for foreign-aid-given-as-grants-and-concessional-loans

[2026-02-12 15:41:39] INFO in download: Indexed dataset: 02_Datasets_Limpios/general/general_owid_official-development-assistance-donor-bilateral-multilateral_global_1960_2024_20260212214138.csv
[2026-02-12 15:41:39] INFO in ingestion: Retrieved metadata for personal-remittances-oda
190.164.212.239 - - [12/Feb/2026 15:41:39] "POST /api/download/start HTTP/1.1" 200 -
✓ Saved metadata to 03_Metadata_y_Notas/general_owid_foreign-aid-given-as-grants-and-concessional-loans_global_1960_2024_20260212214139.md
[2026-02-12 15:41:39] INFO in ingestion: Retrieved metadata for foreign-aid-given-net
✓ Saved metadata to 03_Metadata_y_Notas/general_owid_personal-remittances-oda_global_1960_2024_20260212214138.md✓ Indexed: general_owid_foreign-aid-given-as-a-share-of-national-income_global_1960_2024_20260212214138.csv

[2026-02-12 15:41:39] INFO in download: Indexed dataset: 02_Datasets_Limpios/general/general_owid_foreign-aid-given-as-a-share-of-national-income_global_1960_2024_20260212214138.csv
✓ Saved metadata to 03_Metadata_y_Notas/general_owid_foreign-aid-given-net_global_1960_2024_20260212214139.md190.164.212.239 - - [12/Feb/2026 15:41:39] "POST /api/download/start HTTP/1.1" 200 -

[2026-02-12 15:41:39] INFO in download: AI package created: 4 files
✓ Indexed: general_owid_amount-of-foreign-aid-spend-in-recipient-countries_global_2010_2024_20260212214138.csv
[2026-02-12 15:41:40] INFO in download: Indexed dataset: 02_Datasets_Limpios/general/general_owid_amount-of-foreign-aid-spend-in-recipient-countries_global_2010_2024_20260212214138.csv
190.164.212.239 - - [12/Feb/2026 15:41:40] "POST /api/download/start HTTP/1.1" 200 -
[2026-02-12 15:41:40] INFO in download: AI package created: 4 files
[2026-02-12 15:41:40] INFO in ingestion: Retrieved metadata for foreign-aid-given-to-donor-countries
[2026-02-12 15:41:40] INFO in download: AI package created: 4 files
[2026-02-12 15:41:40] INFO in download: AI package created: 4 files
✓ Indexed: general_owid_total-oda-for-aid-for-trade-by-donor_global_2023_2023_20260212214139.csv
[2026-02-12 15:41:40] INFO in download: Indexed dataset: 02_Datasets_Limpios/general/general_owid_total-oda-for-aid-for-trade-by-donor_global_2023_2023_20260212214139.csv
190.164.212.239 - - [12/Feb/2026 15:41:40] "POST /api/download/start HTTP/1.1" 200 -
✓ Saved metadata to 03_Metadata_y_Notas/general_owid_foreign-aid-given-to-donor-countries_global_2010_2024_20260212214139.md
✓ Indexed: general_owid_total-oda-for-aid-for-trade-by-recipient_global_2023_2023_20260212214138.csv
[2026-02-12 15:41:40] INFO in download: Indexed dataset: 02_Datasets_Limpios/general/general_owid_total-oda-for-aid-for-trade-by-recipient_global_2023_2023_20260212214138.csv
190.164.212.239 - - [12/Feb/2026 15:41:40] "POST /api/download/start HTTP/1.1" 200 -
[2026-02-12 15:41:40] INFO in download: AI package created: 4 files
✓ Indexed: general_owid_foreign-aid-received-by-income-group_global_1960_2024_20260212214138.csv
[2026-02-12 15:41:40] INFO in download: Indexed dataset: 02_Datasets_Limpios/general/general_owid_foreign-aid-received-by-income-group_global_1960_2024_20260212214138.csv
190.164.212.239 - - [12/Feb/2026 15:41:40] "POST /api/download/start HTTP/1.1" 200 -
✓ Indexed: general_owid_foreign-aid-given-per-capita_global_1960_2024_20260212214139.csv
[2026-02-12 15:41:40] INFO in download: Indexed dataset: 02_Datasets_Limpios/general/general_owid_foreign-aid-given-per-capita_global_1960_2024_20260212214139.csv
190.164.212.239 - - [12/Feb/2026 15:41:40] "POST /api/download/start HTTP/1.1" 200 -
[2026-02-12 15:41:40] INFO in ingestion: Retrieved metadata for government-vs-private-aid-by-donor
[2026-02-12 15:41:40] INFO in ingestion: Retrieved metadata for foreign-aid-and-investments-given
✓ Saved metadata to 03_Metadata_y_Notas/general_owid_government-vs-private-aid-by-donor_global_1970_2024_20260212214139.md
✓ Saved metadata to 03_Metadata_y_Notas/general_owid_foreign-aid-and-investments-given_global_1960_2024_20260212214139.md
✓ Indexed: general_owid_foreign-aid-given-as-grants-and-concessional-loans_global_1960_2024_20260212214139.csv
[2026-02-12 15:41:40] INFO in download: Indexed dataset: 02_Datasets_Limpios/general/general_owid_foreign-aid-given-as-grants-and-concessional-loans_global_1960_2024_20260212214139.csv
190.164.212.239 - - [12/Feb/2026 15:41:40] "POST /api/download/start HTTP/1.1" 200 -
[2026-02-12 15:41:40] INFO in download: AI package created: 4 files
[2026-02-12 15:41:40] INFO in download: AI package created: 4 files
✓ Indexed: general_owid_foreign-aid-given-net_global_1960_2024_20260212214139.csv
[2026-02-12 15:41:40] INFO in download: Indexed dataset: 02_Datasets_Limpios/general/general_owid_foreign-aid-given-net_global_1960_2024_20260212214139.csv
190.164.212.239 - - [12/Feb/2026 15:41:40] "POST /api/download/start HTTP/1.1" 200 -
✓ Indexed: general_owid_net-oda-to-medical-research_global_2023_2023_20260212214138.csv
[2026-02-12 15:41:40] INFO in download: Indexed dataset: 02_Datasets_Limpios/general/general_owid_net-oda-to-medical-research_global_2023_2023_20260212214138.csv
190.164.212.239 - - [12/Feb/2026 15:41:40] "POST /api/download/start HTTP/1.1" 200 -
✓ Indexed: general_owid_personal-remittances-oda_global_1960_2024_20260212214138.csv
[2026-02-12 15:41:40] INFO in download: Indexed dataset: 02_Datasets_Limpios/general/general_owid_personal-remittances-oda_global_1960_2024_20260212214138.csv
190.164.212.239 - - [12/Feb/2026 15:41:40] "POST /api/download/start HTTP/1.1" 200 -
✓ Indexed: general_owid_foreign-aid-and-investments-given_global_1960_2024_20260212214139.csv
[2026-02-12 15:41:40] INFO in download: Indexed dataset: 02_Datasets_Limpios/general/general_owid_foreign-aid-and-investments-given_global_1960_2024_20260212214139.csv
190.164.212.239 - - [12/Feb/2026 15:41:40] "POST /api/download/start HTTP/1.1" 200 -
✓ Indexed: general_owid_government-vs-private-aid-by-donor_global_1970_2024_20260212214139.csv
[2026-02-12 15:41:40] INFO in download: Indexed dataset: 02_Datasets_Limpios/general/general_owid_government-vs-private-aid-by-donor_global_1970_2024_20260212214139.csv
190.164.212.239 - - [12/Feb/2026 15:41:40] "POST /api/download/start HTTP/1.1" 200 -
[2026-02-12 15:41:40] INFO in ingestion: Retrieved metadata for foreign-aid-given-by-sector
✓ Indexed: general_owid_foreign-aid-given-to-donor-countries_global_2010_2024_20260212214139.csv
✓ Saved metadata to 03_Metadata_y_Notas/general_owid_foreign-aid-given-by-sector_global_1971_2024_20260212214138.md
[2026-02-12 15:41:40] INFO in download: Indexed dataset: 02_Datasets_Limpios/general/general_owid_foreign-aid-given-to-donor-countries_global_2010_2024_20260212214139.csv
190.164.212.239 - - [12/Feb/2026 15:41:40] "POST /api/download/start HTTP/1.1" 200 -
✓ Indexed: general_owid_foreign-aid-received-net_global_2024_2024_20260212214138.csv[2026-02-12 15:41:40] INFO in download: AI package created: 4 files

[2026-02-12 15:41:40] INFO in download: Indexed dataset: 02_Datasets_Limpios/general/general_owid_foreign-aid-received-net_global_2024_2024_20260212214138.csv
190.164.212.239 - - [12/Feb/2026 15:41:40] "POST /api/download/start HTTP/1.1" 200 -
[2026-02-12 15:41:40] INFO in ingestion: Retrieved metadata for foreign-aid-given-to-donor-countries-share
✓ Saved metadata to 03_Metadata_y_Notas/general_owid_foreign-aid-given-to-donor-countries-share_global_2024_2024_20260212214139.md
[2026-02-12 15:41:40] INFO in download: AI package created: 4 files
✓ Indexed: general_owid_net-official-development-assistance-and-aid-received_global_2023_2023_20260212214139.csv
[2026-02-12 15:41:40] INFO in download: Indexed dataset: 02_Datasets_Limpios/general/general_owid_net-official-development-assistance-and-aid-received_global_2023_2023_20260212214139.csv
190.164.212.239 - - [12/Feb/2026 15:41:40] "POST /api/download/start HTTP/1.1" 200 -
[2026-02-12 15:41:40] INFO in ingestion: Retrieved metadata for share-of-foreign-aid-spent-within-donor-countries
✓ Saved metadata to 03_Metadata_y_Notas/general_owid_share-of-foreign-aid-spent-within-donor-countries_global_2010_2024_20260212214138.md
[2026-02-12 15:41:40] INFO in ingestion: Retrieved metadata for foreign-aid-and-investments-received
✓ Saved metadata to 03_Metadata_y_Notas/general_owid_foreign-aid-and-investments-received_global_2021_2021_20260212214139.md
✓ Indexed: general_owid_foreign-aid-given-by-sector_global_1971_2024_20260212214138.csv
[2026-02-12 15:41:40] INFO in download: Indexed dataset: 02_Datasets_Limpios/general/general_owid_foreign-aid-given-by-sector_global_1971_2024_20260212214138.csv
190.164.212.239 - - [12/Feb/2026 15:41:40] "POST /api/download/start HTTP/1.1" 200 -
[2026-02-12 15:41:40] INFO in download: AI package created: 4 files
[2026-02-12 15:41:40] INFO in download: AI package created: 4 files
✓ Indexed: general_owid_foreign-aid-given-to-donor-countries-share_global_2024_2024_20260212214139.csv
[2026-02-12 15:41:40] INFO in download: Indexed dataset: 02_Datasets_Limpios/general/general_owid_foreign-aid-given-to-donor-countries-share_global_2024_2024_20260212214139.csv
190.164.212.239 - - [12/Feb/2026 15:41:40] "POST /api/download/start HTTP/1.1" 200 -
[2026-02-12 15:41:40] INFO in ingestion: Retrieved metadata for total-official-development-assistance-for-technical-cooperation
✓ Saved metadata to 03_Metadata_y_Notas/general_owid_total-official-development-assistance-for-technical-cooperation_global_2023_2023_20260212214139.md[2026-02-12 15:41:40] INFO in ingestion: Retrieved metadata for foreign-aid-received-as-a-share-of-national-income-net

✓ Indexed: general_owid_share-of-foreign-aid-spent-within-donor-countries_global_2010_2024_20260212214138.csv
✓ Saved metadata to 03_Metadata_y_Notas/general_owid_foreign-aid-received-as-a-share-of-national-income-net_global_2024_2024_20260212214139.md
[2026-02-12 15:41:40] INFO in download: Indexed dataset: 02_Datasets_Limpios/general/general_owid_share-of-foreign-aid-spent-within-donor-countries_global_2010_2024_20260212214138.csv
190.164.212.239 - - [12/Feb/2026 15:41:40] "POST /api/download/start HTTP/1.1" 200 -
✓ Indexed: general_owid_foreign-aid-given-to-least-developed-countries-as-a-share-of-donors-national-income_global_2000_2023_20260212214138.csv[2026-02-12 15:41:40] INFO in download: AI package created: 4 files
[2026-02-12 15:41:40] INFO in ingestion: Retrieved metadata for foreign-aid-given-net-flows-vs-grant-equivalents-line

✓ Saved metadata to 03_Metadata_y_Notas/general_owid_foreign-aid-given-net-flows-vs-grant-equivalents-line_global_2018_2024_20260212214139.md
[2026-02-12 15:41:40] INFO in download: Indexed dataset: 02_Datasets_Limpios/general/general_owid_foreign-aid-given-to-least-developed-countries-as-a-share-of-donors-national-income_global_2000_2023_20260212214138.csv
190.164.212.239 - - [12/Feb/2026 15:41:40] "POST /api/download/start HTTP/1.1" 200 -
[2026-02-12 15:41:40] INFO in download: AI package created: 4 files
✓ Indexed: general_owid_foreign-aid-and-investments-received_global_2021_2021_20260212214139.csv
[2026-02-12 15:41:40] INFO in download: Indexed dataset: 02_Datasets_Limpios/general/general_owid_foreign-aid-and-investments-received_global_2021_2021_20260212214139.csv
190.164.212.239 - - [12/Feb/2026 15:41:40] "POST /api/download/start HTTP/1.1" 200 -
[2026-02-12 15:41:40] INFO in download: AI package created: 4 files
✓ Indexed: general_owid_total-official-development-assistance-for-technical-cooperation_global_2023_2023_20260212214139.csv
[2026-02-12 15:41:40] INFO in download: Indexed dataset: 02_Datasets_Limpios/general/general_owid_total-official-development-assistance-for-technical-cooperation_global_2023_2023_20260212214139.csv
190.164.212.239 - - [12/Feb/2026 15:41:40] "POST /api/download/start HTTP/1.1" 200 -
✓ Indexed: general_owid_foreign-aid-received-as-a-share-of-national-income-net_global_2024_2024_20260212214139.csv
[2026-02-12 15:41:40] INFO in download: Indexed dataset: 02_Datasets_Limpios/general/general_owid_foreign-aid-received-as-a-share-of-national-income-net_global_2024_2024_20260212214139.csv
190.164.212.239 - - [12/Feb/2026 15:41:40] "POST /api/download/start HTTP/1.1" 200 -
✓ Indexed: general_owid_foreign-aid-given-net-flows-vs-grant-equivalents-line_global_2018_2024_20260212214139.csv
[2026-02-12 15:41:40] INFO in download: Indexed dataset: 02_Datasets_Limpios/general/general_owid_foreign-aid-given-net-flows-vs-grant-equivalents-line_global_2018_2024_20260212214139.csv
190.164.212.239 - - [12/Feb/2026 15:41:40] "POST /api/download/start HTTP/1.1" 200 -
190.164.212.239 - - [12/Feb/2026 15:41:47] "GET /copilot_chat HTTP/1.1" 200 -
190.164.212.239 - - [12/Feb/2026 15:41:47] "[36mGET /static/js/marked.min.js HTTP/1.1[0m" 304 -
190.164.212.239 - - [12/Feb/2026 15:41:47] "[36mGET /static/css/theme.css HTTP/1.1[0m" 304 -
190.164.212.239 - - [12/Feb/2026 15:41:58] "GET /copilot_chat HTTP/1.1" 200 -
190.164.212.239 - - [12/Feb/2026 15:41:59] "GET /static/css/theme.css HTTP/1.1" 200 -
190.164.212.239 - - [12/Feb/2026 15:41:59] "GET /static/js/marked.min.js HTTP/1.1" 200 -
190.164.212.239 - - [12/Feb/2026 15:42:00] "GET /copilot_chat HTTP/1.1" 200 -
190.164.212.239 - - [12/Feb/2026 15:42:00] "GET /static/css/theme.css HTTP/1.1" 200 -
190.164.212.239 - - [12/Feb/2026 15:42:00] "GET /static/js/marked.min.js HTTP/1.1" 200 -
190.164.212.239 - - [12/Feb/2026 15:42:11] "GET / HTTP/1.1" 200 -
190.164.212.239 - - [12/Feb/2026 15:42:12] "[36mGET /static/css/theme.css HTTP/1.1[0m" 304 -
190.164.212.239 - - [12/Feb/2026 15:42:12] "[36mGET /static/js/marked.min.js HTTP/1.1[0m" 304 -
190.164.212.239 - - [12/Feb/2026 15:44:19] "GET /copilot_chat HTTP/1.1" 200 -
190.164.212.239 - - [12/Feb/2026 15:44:20] "[36mGET /static/css/theme.css HTTP/1.1[0m" 304 -
190.164.212.239 - - [12/Feb/2026 15:44:20] "[36mGET /static/js/marked.min.js HTTP/1.1[0m" 304 -

============================================================
🌐 Mises Data Curator - Web Interface
============================================================

Starting server at http://127.0.0.1:5000
Press CTRL+C to quit

 * Serving Flask app 'src.web'
 * Debug mode: on
[31m[1mWARNING: This is a development server. Do not use it in a production deployment. Use a production WSGI server instead.[0m
 * Running on http://127.0.0.1:5000
[33mPress CTRL+C to quit[0m
 * Restarting with watchdog (inotify)

============================================================
🌐 Mises Data Curator - Web Interface
============================================================

Starting server at http://127.0.0.1:5000
Press CTRL+C to quit

 * Debugger is active!
 * Debugger PIN: 248-501-215
207.244.229.44 - - [12/Feb/2026 15:54:26] "[32mGET /copilot_chat HTTP/1.1[0m" 302 -
207.244.229.44 - - [12/Feb/2026 15:54:26] "GET /auth/login?next=/copilot_chat HTTP/1.1" 200 -
207.244.229.44 - - [12/Feb/2026 15:54:26] "GET /static/css/theme.css HTTP/1.1" 200 -
207.244.229.44 - - [12/Feb/2026 15:54:26] "GET /static/js/marked.min.js HTTP/1.1" 200 -
207.244.229.44 - - [12/Feb/2026 15:54:39] "[32mPOST /auth/login HTTP/1.1[0m" 302 -
207.244.229.44 - - [12/Feb/2026 15:54:39] "[32mGET /admin/ HTTP/1.1[0m" 302 -
207.244.229.44 - - [12/Feb/2026 15:54:39] "[32mGET /auth/login?next=https://almacen.digital/misesdata/admin/ HTTP/1.1[0m" 302 -
207.244.229.44 - - [12/Feb/2026 15:54:39] "GET /status HTTP/1.1" 200 -
207.244.229.44 - - [12/Feb/2026 15:54:39] "[36mGET /static/css/theme.css HTTP/1.1[0m" 304 -
207.244.229.44 - - [12/Feb/2026 15:54:39] "[36mGET /static/js/marked.min.js HTTP/1.1[0m" 304 -
207.244.229.44 - - [12/Feb/2026 15:54:46] "GET /copilot_chat HTTP/1.1" 200 -
207.244.229.44 - - [12/Feb/2026 15:54:46] "[36mGET /static/css/theme.css HTTP/1.1[0m" 304 -
207.244.229.44 - - [12/Feb/2026 15:54:46] "[36mGET /static/js/marked.min.js HTTP/1.1[0m" 304 -
[2026-02-12 15:54:46] ERROR in copilot: Error listing copilot threads: (sqlite3.OperationalError) no such table: copilot_threads
[SQL: SELECT copilot_threads.id AS copilot_threads_id, copilot_threads.user_id AS copilot_threads_user_id, copilot_threads.title AS copilot_threads_title, copilot_threads.session_id AS copilot_threads_session_id, copilot_threads.messages_json AS copilot_threads_messages_json, copilot_threads.charts_json AS copilot_threads_charts_json, copilot_threads.last_message AS copilot_threads_last_message, copilot_threads.created_at AS copilot_threads_created_at, copilot_threads.updated_at AS copilot_threads_updated_at 
FROM copilot_threads 
WHERE copilot_threads.user_id = ? ORDER BY copilot_threads.updated_at DESC]
[parameters: (3,)]
(Background on this error at: https://sqlalche.me/e/20/e3q8)
Traceback (most recent call last):
  File "/opt/data-curator/.venv/lib/python3.11/site-packages/sqlalchemy/engine/base.py", line 1967, in _exec_single_context
    self.dialect.do_execute(
  File "/opt/data-curator/.venv/lib/python3.11/site-packages/sqlalchemy/engine/default.py", line 952, in do_execute
    cursor.execute(statement, parameters)
sqlite3.OperationalError: no such table: copilot_threads

The above exception was the direct cause of the following exception:

Traceback (most recent call last):
  File "/opt/data-curator/src/web/api/copilot.py", line 311, in list_copilot_threads
    .all()
     ^^^^^
  File "/opt/data-curator/.venv/lib/python3.11/site-packages/sqlalchemy/orm/query.py", line 2704, in all
    return self._iter().all()  # type: ignore
           ^^^^^^^^^^^^
  File "/opt/data-curator/.venv/lib/python3.11/site-packages/sqlalchemy/orm/query.py", line 2857, in _iter
    result: Union[ScalarResult[_T], Result[_T]] = self.session.execute(
                                                  ^^^^^^^^^^^^^^^^^^^^^
  File "/opt/data-curator/.venv/lib/python3.11/site-packages/sqlalchemy/orm/session.py", line 2351, in execute
    return self._execute_internal(
           ^^^^^^^^^^^^^^^^^^^^^^^
  File "/opt/data-curator/.venv/lib/python3.11/site-packages/sqlalchemy/orm/session.py", line 2249, in _execute_internal
    result: Result[Any] = compile_state_cls.orm_execute_statement(
                          ^^^^^^^^^^^^^^^^^^^^^^^^^^^^^^^^^^^^^^^^
  File "/opt/data-curator/.venv/lib/python3.11/site-packages/sqlalchemy/orm/context.py", line 306, in orm_execute_statement
    result = conn.execute(
             ^^^^^^^^^^^^^
  File "/opt/data-curator/.venv/lib/python3.11/site-packages/sqlalchemy/engine/base.py", line 1419, in execute
    return meth(
           ^^^^^
  File "/opt/data-curator/.venv/lib/python3.11/site-packages/sqlalchemy/sql/elements.py", line 527, in _execute_on_connection
    return connection._execute_clauseelement(
           ^^^^^^^^^^^^^^^^^^^^^^^^^^^^^^^^^^
  File "/opt/data-curator/.venv/lib/python3.11/site-packages/sqlalchemy/engine/base.py", line 1641, in _execute_clauseelement
    ret = self._execute_context(
          ^^^^^^^^^^^^^^^^^^^^^^
  File "/opt/data-curator/.venv/lib/python3.11/site-packages/sqlalchemy/engine/base.py", line 1846, in _execute_context
    return self._exec_single_context(
           ^^^^^^^^^^^^^^^^^^^^^^^^^^
  File "/opt/data-curator/.venv/lib/python3.11/site-packages/sqlalchemy/engine/base.py", line 1986, in _exec_single_context
    self._handle_dbapi_exception(
  File "/opt/data-curator/.venv/lib/python3.11/site-packages/sqlalchemy/engine/base.py", line 2363, in _handle_dbapi_exception
    raise sqlalchemy_exception.with_traceback(exc_info[2]) from e
  File "/opt/data-curator/.venv/lib/python3.11/site-packages/sqlalchemy/engine/base.py", line 1967, in _exec_single_context
    self.dialect.do_execute(
  File "/opt/data-curator/.venv/lib/python3.11/site-packages/sqlalchemy/engine/default.py", line 952, in do_execute
    cursor.execute(statement, parameters)
sqlalchemy.exc.OperationalError: (sqlite3.OperationalError) no such table: copilot_threads
[SQL: SELECT copilot_threads.id AS copilot_threads_id, copilot_threads.user_id AS copilot_threads_user_id, copilot_threads.title AS copilot_threads_title, copilot_threads.session_id AS copilot_threads_session_id, copilot_threads.messages_json AS copilot_threads_messages_json, copilot_threads.charts_json AS copilot_threads_charts_json, copilot_threads.last_message AS copilot_threads_last_message, copilot_threads.created_at AS copilot_threads_created_at, copilot_threads.updated_at AS copilot_threads_updated_at 
FROM copilot_threads 
WHERE copilot_threads.user_id = ? ORDER BY copilot_threads.updated_at DESC]
[parameters: (3,)]
(Background on this error at: https://sqlalche.me/e/20/e3q8)
207.244.229.44 - - [12/Feb/2026 15:54:46] "[35m[1mGET /api/copilot/threads HTTP/1.1[0m" 500 -
[2026-02-12 15:54:46] ERROR in copilot: Error listing copilot threads: (sqlite3.OperationalError) no such table: copilot_threads
[SQL: SELECT copilot_threads.id AS copilot_threads_id, copilot_threads.user_id AS copilot_threads_user_id, copilot_threads.title AS copilot_threads_title, copilot_threads.session_id AS copilot_threads_session_id, copilot_threads.messages_json AS copilot_threads_messages_json, copilot_threads.charts_json AS copilot_threads_charts_json, copilot_threads.last_message AS copilot_threads_last_message, copilot_threads.created_at AS copilot_threads_created_at, copilot_threads.updated_at AS copilot_threads_updated_at 
FROM copilot_threads 
WHERE copilot_threads.user_id = ? ORDER BY copilot_threads.updated_at DESC]
[parameters: (3,)]
(Background on this error at: https://sqlalche.me/e/20/e3q8)
Traceback (most recent call last):
  File "/opt/data-curator/.venv/lib/python3.11/site-packages/sqlalchemy/engine/base.py", line 1967, in _exec_single_context
    self.dialect.do_execute(
  File "/opt/data-curator/.venv/lib/python3.11/site-packages/sqlalchemy/engine/default.py", line 952, in do_execute
    cursor.execute(statement, parameters)
sqlite3.OperationalError: no such table: copilot_threads

The above exception was the direct cause of the following exception:

Traceback (most recent call last):
  File "/opt/data-curator/src/web/api/copilot.py", line 311, in list_copilot_threads
    .all()
     ^^^^^
  File "/opt/data-curator/.venv/lib/python3.11/site-packages/sqlalchemy/orm/query.py", line 2704, in all
    return self._iter().all()  # type: ignore
           ^^^^^^^^^^^^
  File "/opt/data-curator/.venv/lib/python3.11/site-packages/sqlalchemy/orm/query.py", line 2857, in _iter
    result: Union[ScalarResult[_T], Result[_T]] = self.session.execute(
                                                  ^^^^^^^^^^^^^^^^^^^^^
  File "/opt/data-curator/.venv/lib/python3.11/site-packages/sqlalchemy/orm/session.py", line 2351, in execute
    return self._execute_internal(
           ^^^^^^^^^^^^^^^^^^^^^^^
  File "/opt/data-curator/.venv/lib/python3.11/site-packages/sqlalchemy/orm/session.py", line 2249, in _execute_internal
    result: Result[Any] = compile_state_cls.orm_execute_statement(
                          ^^^^^^^^^^^^^^^^^^^^^^^^^^^^^^^^^^^^^^^^
  File "/opt/data-curator/.venv/lib/python3.11/site-packages/sqlalchemy/orm/context.py", line 306, in orm_execute_statement
    result = conn.execute(
             ^^^^^^^^^^^^^
  File "/opt/data-curator/.venv/lib/python3.11/site-packages/sqlalchemy/engine/base.py", line 1419, in execute
    return meth(
           ^^^^^
  File "/opt/data-curator/.venv/lib/python3.11/site-packages/sqlalchemy/sql/elements.py", line 527, in _execute_on_connection
    return connection._execute_clauseelement(
           ^^^^^^^^^^^^^^^^^^^^^^^^^^^^^^^^^^
  File "/opt/data-curator/.venv/lib/python3.11/site-packages/sqlalchemy/engine/base.py", line 1641, in _execute_clauseelement
    ret = self._execute_context(
          ^^^^^^^^^^^^^^^^^^^^^^
  File "/opt/data-curator/.venv/lib/python3.11/site-packages/sqlalchemy/engine/base.py", line 1846, in _execute_context
    return self._exec_single_context(
           ^^^^^^^^^^^^^^^^^^^^^^^^^^
  File "/opt/data-curator/.venv/lib/python3.11/site-packages/sqlalchemy/engine/base.py", line 1986, in _exec_single_context
    self._handle_dbapi_exception(
  File "/opt/data-curator/.venv/lib/python3.11/site-packages/sqlalchemy/engine/base.py", line 2363, in _handle_dbapi_exception
    raise sqlalchemy_exception.with_traceback(exc_info[2]) from e
  File "/opt/data-curator/.venv/lib/python3.11/site-packages/sqlalchemy/engine/base.py", line 1967, in _exec_single_context
    self.dialect.do_execute(
  File "/opt/data-curator/.venv/lib/python3.11/site-packages/sqlalchemy/engine/default.py", line 952, in do_execute
    cursor.execute(statement, parameters)
sqlalchemy.exc.OperationalError: (sqlite3.OperationalError) no such table: copilot_threads
[SQL: SELECT copilot_threads.id AS copilot_threads_id, copilot_threads.user_id AS copilot_threads_user_id, copilot_threads.title AS copilot_threads_title, copilot_threads.session_id AS copilot_threads_session_id, copilot_threads.messages_json AS copilot_threads_messages_json, copilot_threads.charts_json AS copilot_threads_charts_json, copilot_threads.last_message AS copilot_threads_last_message, copilot_threads.created_at AS copilot_threads_created_at, copilot_threads.updated_at AS copilot_threads_updated_at 
FROM copilot_threads 
WHERE copilot_threads.user_id = ? ORDER BY copilot_threads.updated_at DESC]
[parameters: (3,)]
(Background on this error at: https://sqlalche.me/e/20/e3q8)
207.244.229.44 - - [12/Feb/2026 15:54:46] "[35m[1mGET /api/copilot/threads HTTP/1.1[0m" 500 -
[2026-02-12 15:54:46] ERROR in copilot: Error creating copilot thread: (sqlite3.OperationalError) no such table: copilot_threads
[SQL: INSERT INTO copilot_threads (user_id, title, session_id, messages_json, charts_json, last_message, created_at, updated_at) VALUES (?, ?, ?, ?, ?, ?, ?, ?)]
[parameters: (3, 'New Analysis', None, '[]', '[]', None, '2026-02-12 21:54:46.513153', '2026-02-12 21:54:46.513156')]
(Background on this error at: https://sqlalche.me/e/20/e3q8)
Traceback (most recent call last):
  File "/opt/data-curator/.venv/lib/python3.11/site-packages/sqlalchemy/engine/base.py", line 1967, in _exec_single_context
    self.dialect.do_execute(
  File "/opt/data-curator/.venv/lib/python3.11/site-packages/sqlalchemy/engine/default.py", line 952, in do_execute
    cursor.execute(statement, parameters)
sqlite3.OperationalError: no such table: copilot_threads

The above exception was the direct cause of the following exception:

Traceback (most recent call last):
  File "/opt/data-curator/src/web/api/copilot.py", line 333, in create_copilot_thread
    db.session.commit()
  File "/opt/data-curator/.venv/lib/python3.11/site-packages/sqlalchemy/orm/scoping.py", line 597, in commit
    return self._proxied.commit()
           ^^^^^^^^^^^^^^^^^^^^^^
  File "/opt/data-curator/.venv/lib/python3.11/site-packages/sqlalchemy/orm/session.py", line 2030, in commit
    trans.commit(_to_root=True)
  File "<string>", line 2, in commit
  File "/opt/data-curator/.venv/lib/python3.11/site-packages/sqlalchemy/orm/state_changes.py", line 137, in _go
    ret_value = fn(self, *arg, **kw)
                ^^^^^^^^^^^^^^^^^^^^
  File "/opt/data-curator/.venv/lib/python3.11/site-packages/sqlalchemy/orm/session.py", line 1311, in commit
    self._prepare_impl()
  File "<string>", line 2, in _prepare_impl
  File "/opt/data-curator/.venv/lib/python3.11/site-packages/sqlalchemy/orm/state_changes.py", line 137, in _go
    ret_value = fn(self, *arg, **kw)
                ^^^^^^^^^^^^^^^^^^^^
  File "/opt/data-curator/.venv/lib/python3.11/site-packages/sqlalchemy/orm/session.py", line 1286, in _prepare_impl
    self.session.flush()
  File "/opt/data-curator/.venv/lib/python3.11/site-packages/sqlalchemy/orm/session.py", line 4331, in flush
    self._flush(objects)
  File "/opt/data-curator/.venv/lib/python3.11/site-packages/sqlalchemy/orm/session.py", line 4466, in _flush
    with util.safe_reraise():
  File "/opt/data-curator/.venv/lib/python3.11/site-packages/sqlalchemy/util/langhelpers.py", line 224, in __exit__
    raise exc_value.with_traceback(exc_tb)
  File "/opt/data-curator/.venv/lib/python3.11/site-packages/sqlalchemy/orm/session.py", line 4427, in _flush
    flush_context.execute()
  File "/opt/data-curator/.venv/lib/python3.11/site-packages/sqlalchemy/orm/unitofwork.py", line 466, in execute
    rec.execute(self)
  File "/opt/data-curator/.venv/lib/python3.11/site-packages/sqlalchemy/orm/unitofwork.py", line 642, in execute
    util.preloaded.orm_persistence.save_obj(
  File "/opt/data-curator/.venv/lib/python3.11/site-packages/sqlalchemy/orm/persistence.py", line 93, in save_obj
    _emit_insert_statements(
  File "/opt/data-curator/.venv/lib/python3.11/site-packages/sqlalchemy/orm/persistence.py", line 1233, in _emit_insert_statements
    result = connection.execute(
             ^^^^^^^^^^^^^^^^^^^
  File "/opt/data-curator/.venv/lib/python3.11/site-packages/sqlalchemy/engine/base.py", line 1419, in execute
    return meth(
           ^^^^^
  File "/opt/data-curator/.venv/lib/python3.11/site-packages/sqlalchemy/sql/elements.py", line 527, in _execute_on_connection
    return connection._execute_clauseelement(
           ^^^^^^^^^^^^^^^^^^^^^^^^^^^^^^^^^^
  File "/opt/data-curator/.venv/lib/python3.11/site-packages/sqlalchemy/engine/base.py", line 1641, in _execute_clauseelement
    ret = self._execute_context(
          ^^^^^^^^^^^^^^^^^^^^^^
  File "/opt/data-curator/.venv/lib/python3.11/site-packages/sqlalchemy/engine/base.py", line 1846, in _execute_context
    return self._exec_single_context(
           ^^^^^^^^^^^^^^^^^^^^^^^^^^
  File "/opt/data-curator/.venv/lib/python3.11/site-packages/sqlalchemy/engine/base.py", line 1986, in _exec_single_context
    self._handle_dbapi_exception(
  File "/opt/data-curator/.venv/lib/python3.11/site-packages/sqlalchemy/engine/base.py", line 2363, in _handle_dbapi_exception
    raise sqlalchemy_exception.with_traceback(exc_info[2]) from e
  File "/opt/data-curator/.venv/lib/python3.11/site-packages/sqlalchemy/engine/base.py", line 1967, in _exec_single_context
    self.dialect.do_execute(
  File "/opt/data-curator/.venv/lib/python3.11/site-packages/sqlalchemy/engine/default.py", line 952, in do_execute
    cursor.execute(statement, parameters)
sqlalchemy.exc.OperationalError: (sqlite3.OperationalError) no such table: copilot_threads
[SQL: INSERT INTO copilot_threads (user_id, title, session_id, messages_json, charts_json, last_message, created_at, updated_at) VALUES (?, ?, ?, ?, ?, ?, ?, ?)]
[parameters: (3, 'New Analysis', None, '[]', '[]', None, '2026-02-12 21:54:46.513153', '2026-02-12 21:54:46.513156')]
(Background on this error at: https://sqlalche.me/e/20/e3q8)
207.244.229.44 - - [12/Feb/2026 15:54:46] "[35m[1mPOST /api/copilot/threads HTTP/1.1[0m" 500 -
[2026-02-12 15:54:46] ERROR in copilot: Error creating copilot thread: (sqlite3.OperationalError) no such table: copilot_threads
[SQL: INSERT INTO copilot_threads (user_id, title, session_id, messages_json, charts_json, last_message, created_at, updated_at) VALUES (?, ?, ?, ?, ?, ?, ?, ?)]
[parameters: (3, 'New Analysis', None, '[]', '[]', None, '2026-02-12 21:54:46.511895', '2026-02-12 21:54:46.511901')]
(Background on this error at: https://sqlalche.me/e/20/e3q8)
Traceback (most recent call last):
  File "/opt/data-curator/.venv/lib/python3.11/site-packages/sqlalchemy/engine/base.py", line 1967, in _exec_single_context
    self.dialect.do_execute(
  File "/opt/data-curator/.venv/lib/python3.11/site-packages/sqlalchemy/engine/default.py", line 952, in do_execute
    cursor.execute(statement, parameters)
sqlite3.OperationalError: no such table: copilot_threads

The above exception was the direct cause of the following exception:

Traceback (most recent call last):
  File "/opt/data-curator/src/web/api/copilot.py", line 333, in create_copilot_thread
    db.session.commit()
  File "/opt/data-curator/.venv/lib/python3.11/site-packages/sqlalchemy/orm/scoping.py", line 597, in commit
    return self._proxied.commit()
           ^^^^^^^^^^^^^^^^^^^^^^
  File "/opt/data-curator/.venv/lib/python3.11/site-packages/sqlalchemy/orm/session.py", line 2030, in commit
    trans.commit(_to_root=True)
  File "<string>", line 2, in commit
  File "/opt/data-curator/.venv/lib/python3.11/site-packages/sqlalchemy/orm/state_changes.py", line 137, in _go
    ret_value = fn(self, *arg, **kw)
                ^^^^^^^^^^^^^^^^^^^^
  File "/opt/data-curator/.venv/lib/python3.11/site-packages/sqlalchemy/orm/session.py", line 1311, in commit
    self._prepare_impl()
  File "<string>", line 2, in _prepare_impl
  File "/opt/data-curator/.venv/lib/python3.11/site-packages/sqlalchemy/orm/state_changes.py", line 137, in _go
    ret_value = fn(self, *arg, **kw)
                ^^^^^^^^^^^^^^^^^^^^
  File "/opt/data-curator/.venv/lib/python3.11/site-packages/sqlalchemy/orm/session.py", line 1286, in _prepare_impl
    self.session.flush()
  File "/opt/data-curator/.venv/lib/python3.11/site-packages/sqlalchemy/orm/session.py", line 4331, in flush
    self._flush(objects)
  File "/opt/data-curator/.venv/lib/python3.11/site-packages/sqlalchemy/orm/session.py", line 4466, in _flush
    with util.safe_reraise():
  File "/opt/data-curator/.venv/lib/python3.11/site-packages/sqlalchemy/util/langhelpers.py", line 224, in __exit__
    raise exc_value.with_traceback(exc_tb)
  File "/opt/data-curator/.venv/lib/python3.11/site-packages/sqlalchemy/orm/session.py", line 4427, in _flush
    flush_context.execute()
  File "/opt/data-curator/.venv/lib/python3.11/site-packages/sqlalchemy/orm/unitofwork.py", line 466, in execute
    rec.execute(self)
  File "/opt/data-curator/.venv/lib/python3.11/site-packages/sqlalchemy/orm/unitofwork.py", line 642, in execute
    util.preloaded.orm_persistence.save_obj(
  File "/opt/data-curator/.venv/lib/python3.11/site-packages/sqlalchemy/orm/persistence.py", line 93, in save_obj
    _emit_insert_statements(
  File "/opt/data-curator/.venv/lib/python3.11/site-packages/sqlalchemy/orm/persistence.py", line 1233, in _emit_insert_statements
    result = connection.execute(
             ^^^^^^^^^^^^^^^^^^^
  File "/opt/data-curator/.venv/lib/python3.11/site-packages/sqlalchemy/engine/base.py", line 1419, in execute
    return meth(
           ^^^^^
  File "/opt/data-curator/.venv/lib/python3.11/site-packages/sqlalchemy/sql/elements.py", line 527, in _execute_on_connection
    return connection._execute_clauseelement(
           ^^^^^^^^^^^^^^^^^^^^^^^^^^^^^^^^^^
  File "/opt/data-curator/.venv/lib/python3.11/site-packages/sqlalchemy/engine/base.py", line 1641, in _execute_clauseelement
    ret = self._execute_context(
          ^^^^^^^^^^^^^^^^^^^^^^
  File "/opt/data-curator/.venv/lib/python3.11/site-packages/sqlalchemy/engine/base.py", line 1846, in _execute_context
    return self._exec_single_context(
           ^^^^^^^^^^^^^^^^^^^^^^^^^^
  File "/opt/data-curator/.venv/lib/python3.11/site-packages/sqlalchemy/engine/base.py", line 1986, in _exec_single_context
    self._handle_dbapi_exception(
  File "/opt/data-curator/.venv/lib/python3.11/site-packages/sqlalchemy/engine/base.py", line 2363, in _handle_dbapi_exception
    raise sqlalchemy_exception.with_traceback(exc_info[2]) from e
  File "/opt/data-curator/.venv/lib/python3.11/site-packages/sqlalchemy/engine/base.py", line 1967, in _exec_single_context
    self.dialect.do_execute(
  File "/opt/data-curator/.venv/lib/python3.11/site-packages/sqlalchemy/engine/default.py", line 952, in do_execute
    cursor.execute(statement, parameters)
sqlalchemy.exc.OperationalError: (sqlite3.OperationalError) no such table: copilot_threads
[SQL: INSERT INTO copilot_threads (user_id, title, session_id, messages_json, charts_json, last_message, created_at, updated_at) VALUES (?, ?, ?, ?, ?, ?, ?, ?)]
[parameters: (3, 'New Analysis', None, '[]', '[]', None, '2026-02-12 21:54:46.511895', '2026-02-12 21:54:46.511901')]
(Background on this error at: https://sqlalche.me/e/20/e3q8)
207.244.229.44 - - [12/Feb/2026 15:54:46] "[35m[1mPOST /api/copilot/threads HTTP/1.1[0m" 500 -
✅ Copilot SDK client initialized (using GitHub Copilot subscription)
   Note: Ensure copilot CLI is installed and authenticated
✅ Copilot SDK client initialized (using GitHub Copilot subscription)
   Note: Ensure copilot CLI is installed and authenticated
🔧 Registered tool: search_datasets🔧 Registered tool: search_datasets

🔧 Registered tool: list_local_datasets🔧 Registered tool: list_local_datasets
🔧 Registered tool: preview_data
🔧 Registered tool: download_owid

🔧 Registered tool: preview_data
🔧 Registered tool: get_metadata🔧 Registered tool: download_owid

🔧 Registered tool: analyze_data
🔧 Registered tool: recommend_datasets
🔧 Registered tool: get_metadata🔧 Registered tool: semantic_search_datasets
🔧 Registered tool: run_sql_query
🔧 Registered tool: fork_dataset
🔧 Registered tool: get_dataset_versions
🔧 Registered tool: get_dataset_statistics
🔧 Registered tool: export_preview_csv

🔧 Registered tool: list_datasets_with_filters🔧 Registered tool: analyze_data

🔧 Registered tool: recommend_datasets
🔧 Registered tool: semantic_search_datasets
🔧 Registered tool: run_sql_query
🔧 Registered tool: fork_dataset
🔧 Registered tool: get_dataset_versions
🔧 Registered tool: list_available_tools🔧 Registered tool: get_dataset_statistics
🔧 Registered tool: export_preview_csv
🔧 Registered tool: list_datasets_with_filters
🔧 Registered tool: list_available_tools
✅ Registered 15 MCP tools

✅ Registered 15 MCP tools
207.244.229.44 - - [12/Feb/2026 15:54:46] "GET /api/copilot/health HTTP/1.1" 200 -
207.244.229.44 - - [12/Feb/2026 15:54:46] "GET /api/datasets?limit=100&latest=true HTTP/1.1" 200 -
✅ Copilot SDK client initialized (using GitHub Copilot subscription)
   Note: Ensure copilot CLI is installed and authenticated
🔧 Registered tool: search_datasets
🔧 Registered tool: list_local_datasets
🔧 Registered tool: preview_data
🔧 Registered tool: download_owid
🔧 Registered tool: get_metadata
🔧 Registered tool: analyze_data
🔧 Registered tool: recommend_datasets
🔧 Registered tool: semantic_search_datasets
🔧 Registered tool: run_sql_query
🔧 Registered tool: fork_dataset
207.244.229.44 - - [12/Feb/2026 15:54:46] "GET /api/datasets?limit=100&latest=true HTTP/1.1" 200 -
🔧 Registered tool: get_dataset_versions
🔧 Registered tool: get_dataset_statistics
🔧 Registered tool: export_preview_csv
🔧 Registered tool: list_datasets_with_filters
🔧 Registered tool: list_available_tools
✅ Registered 15 MCP tools
207.244.229.44 - - [12/Feb/2026 15:54:46] "GET /api/copilot/health HTTP/1.1" 200 -
❌ Error listing models: JSON-RPC Error -32603: Request models.list failed with message: Not authenticated. Please authenticate first.
   Using fallback models
207.244.229.44 - - [12/Feb/2026 15:54:50] "GET /api/copilot/models HTTP/1.1" 200 -
✅ Copilot SDK client initialized (using GitHub Copilot subscription)
   Note: Ensure copilot CLI is installed and authenticated
🔧 Registered tool: search_datasets
🔧 Registered tool: list_local_datasets
🔧 Registered tool: preview_data
🔧 Registered tool: download_owid
🔧 Registered tool: get_metadata
🔧 Registered tool: analyze_data
🔧 Registered tool: recommend_datasets
🔧 Registered tool: semantic_search_datasets
🔧 Registered tool: run_sql_query
🔧 Registered tool: fork_dataset
🔧 Registered tool: get_dataset_versions
🔧 Registered tool: get_dataset_statistics
🔧 Registered tool: export_preview_csv
🔧 Registered tool: list_datasets_with_filters
🔧 Registered tool: list_available_tools
✅ Registered 15 MCP tools
❌ Error listing models: JSON-RPC Error -32603: Request models.list failed with message: Not authenticated. Please authenticate first.
   Using fallback models
207.244.229.44 - - [12/Feb/2026 15:54:52] "GET /api/copilot/models HTTP/1.1" 200 -
 * Detected change in '/opt/data-curator/src/web/api/copilot.py', reloading
 * Restarting with watchdog (inotify)

============================================================
🌐 Mises Data Curator - Web Interface
============================================================

Starting server at http://127.0.0.1:5000
Press CTRL+C to quit

 * Debugger is active!
 * Debugger PIN: 248-501-215

============================================================
🌐 Mises Data Curator - Web Interface
============================================================

Starting server at http://127.0.0.1:5000
Press CTRL+C to quit

 * Serving Flask app 'src.web'
 * Debug mode: on
[31m[1mWARNING: This is a development server. Do not use it in a production deployment. Use a production WSGI server instead.[0m
 * Running on http://127.0.0.1:5000
[33mPress CTRL+C to quit[0m
 * Restarting with watchdog (inotify)

============================================================
🌐 Mises Data Curator - Web Interface
============================================================

Starting server at http://127.0.0.1:5000
Press CTRL+C to quit

 * Debugger is active!
 * Debugger PIN: 248-501-215
207.244.229.44 - - [12/Feb/2026 15:55:38] "GET /copilot_chat HTTP/1.1" 200 -
207.244.229.44 - - [12/Feb/2026 15:55:38] "[36mGET /static/js/marked.min.js HTTP/1.1[0m" 304 -
207.244.229.44 - - [12/Feb/2026 15:55:38] "[36mGET /static/css/theme.css HTTP/1.1[0m" 304 -
207.244.229.44 - - [12/Feb/2026 15:55:38] "GET /api/copilot/threads HTTP/1.1" 200 -
207.244.229.44 - - [12/Feb/2026 15:55:38] "GET /api/copilot/threads HTTP/1.1" 200 -
207.244.229.44 - - [12/Feb/2026 15:55:38] "POST /api/copilot/threads HTTP/1.1" 200 -
207.244.229.44 - - [12/Feb/2026 15:55:39] "POST /api/copilot/threads HTTP/1.1" 200 -
✅ Copilot SDK client initialized (using GitHub Copilot subscription)
✅ Copilot SDK client initialized (using GitHub Copilot subscription)   Note: Ensure copilot CLI is installed and authenticated

   Note: Ensure copilot CLI is installed and authenticated
🔧 Registered tool: search_datasets
🔧 Registered tool: list_local_datasets
🔧 Registered tool: preview_data
🔧 Registered tool: download_owid
🔧 Registered tool: get_metadata
🔧 Registered tool: analyze_data
🔧 Registered tool: recommend_datasets
🔧 Registered tool: semantic_search_datasets
🔧 Registered tool: run_sql_query🔧 Registered tool: search_datasets

🔧 Registered tool: list_local_datasets🔧 Registered tool: fork_dataset207.244.229.44 - - [12/Feb/2026 15:55:39] "GET /api/datasets?limit=100&latest=true HTTP/1.1" 200 -

🔧 Registered tool: get_dataset_versions
🔧 Registered tool: get_dataset_statistics
🔧 Registered tool: export_preview_csv
🔧 Registered tool: list_datasets_with_filters
🔧 Registered tool: list_available_tools

🔧 Registered tool: preview_data
✅ Registered 15 MCP tools🔧 Registered tool: download_owid

🔧 Registered tool: get_metadata
🔧 Registered tool: analyze_data
🔧 Registered tool: recommend_datasets
🔧 Registered tool: semantic_search_datasets
🔧 Registered tool: run_sql_query
🔧 Registered tool: fork_dataset
🔧 Registered tool: get_dataset_versions
🔧 Registered tool: get_dataset_statistics
🔧 Registered tool: export_preview_csv
🔧 Registered tool: list_datasets_with_filters
🔧 Registered tool: list_available_tools
✅ Registered 15 MCP tools
207.244.229.44 - - [12/Feb/2026 15:55:39] "GET /api/copilot/health HTTP/1.1" 200 -
✅ Copilot SDK client initialized (using GitHub Copilot subscription)
   Note: Ensure copilot CLI is installed and authenticated
🔧 Registered tool: search_datasets
🔧 Registered tool: list_local_datasets
🔧 Registered tool: preview_data
🔧 Registered tool: download_owid
🔧 Registered tool: get_metadata
🔧 Registered tool: analyze_data
🔧 Registered tool: recommend_datasets
🔧 Registered tool: semantic_search_datasets
🔧 Registered tool: run_sql_query
🔧 Registered tool: fork_dataset
🔧 Registered tool: get_dataset_versions
🔧 Registered tool: get_dataset_statistics
🔧 Registered tool: export_preview_csv
🔧 Registered tool: list_datasets_with_filters
🔧 Registered tool: list_available_tools
✅ Registered 15 MCP tools
207.244.229.44 - - [12/Feb/2026 15:55:39] "GET /api/copilot/health HTTP/1.1" 200 -
207.244.229.44 - - [12/Feb/2026 15:55:39] "GET /api/datasets?limit=100&latest=true HTTP/1.1" 200 -
❌ Error listing models: JSON-RPC Error -32603: Request models.list failed with message: Not authenticated. Please authenticate first.
   Using fallback models
207.244.229.44 - - [12/Feb/2026 15:55:41] "GET /api/copilot/models HTTP/1.1" 200 -
✅ Copilot SDK client initialized (using GitHub Copilot subscription)
   Note: Ensure copilot CLI is installed and authenticated
🔧 Registered tool: search_datasets
🔧 Registered tool: list_local_datasets
🔧 Registered tool: preview_data
🔧 Registered tool: download_owid
🔧 Registered tool: get_metadata
🔧 Registered tool: analyze_data
🔧 Registered tool: recommend_datasets
🔧 Registered tool: semantic_search_datasets
🔧 Registered tool: run_sql_query
🔧 Registered tool: fork_dataset
🔧 Registered tool: get_dataset_versions
🔧 Registered tool: get_dataset_statistics
🔧 Registered tool: export_preview_csv
🔧 Registered tool: list_datasets_with_filters
🔧 Registered tool: list_available_tools
✅ Registered 15 MCP tools
❌ Error listing models: JSON-RPC Error -32603: Request models.list failed with message: Not authenticated. Please authenticate first.
   Using fallback models
207.244.229.44 - - [12/Feb/2026 15:55:43] "GET /api/copilot/models HTTP/1.1" 200 -
 * Detected change in '/opt/data-curator/test_api_performance.py', reloading
 * Detected change in '/opt/data-curator/test_ui_translation.py', reloading
 * Detected change in '/opt/data-curator/src/cli.py', reloading
 * Detected change in '/opt/data-curator/src/metadata.py', reloading
 * Detected change in '/opt/data-curator/src/response_cache.py', reloading
 * Restarting with watchdog (inotify)

============================================================
🌐 Mises Data Curator - Web Interface
============================================================

Starting server at http://127.0.0.1:5000
Press CTRL+C to quit

 * Debugger is active!
 * Debugger PIN: 248-501-215

============================================================
🌐 Mises Data Curator - Web Interface
============================================================

Starting server at http://127.0.0.1:5000
Press CTRL+C to quit

 * Serving Flask app 'src.web'
 * Debug mode: on
[31m[1mWARNING: This is a development server. Do not use it in a production deployment. Use a production WSGI server instead.[0m
 * Running on http://127.0.0.1:5000
[33mPress CTRL+C to quit[0m
 * Restarting with watchdog (inotify)

============================================================
🌐 Mises Data Curator - Web Interface
============================================================

Starting server at http://127.0.0.1:5000
Press CTRL+C to quit

 * Debugger is active!
 * Debugger PIN: 468-820-628

============================================================
🌐 Mises Data Curator - Web Interface
============================================================

Starting server at http://127.0.0.1:5000
Press CTRL+C to quit

 * Serving Flask app 'src.web'
 * Debug mode: on
[31m[1mWARNING: This is a development server. Do not use it in a production deployment. Use a production WSGI server instead.[0m
 * Running on http://127.0.0.1:5000
[33mPress CTRL+C to quit[0m
 * Restarting with watchdog (inotify)

============================================================
🌐 Mises Data Curator - Web Interface
============================================================

Starting server at http://127.0.0.1:5000
Press CTRL+C to quit

 * Debugger is active!
 * Debugger PIN: 468-820-628
 * Detected change in '/opt/data-curator/test_api_performance.py', reloading
 * Restarting with watchdog (inotify)

============================================================
🌐 Mises Data Curator - Web Interface
============================================================

Starting server at http://127.0.0.1:5000
Press CTRL+C to quit

 * Debugger is active!
 * Debugger PIN: 468-820-628
190.164.212.239 - - [12/Feb/2026 15:59:24] "GET /copilot_chat HTTP/1.1" 200 -
190.164.212.239 - - [12/Feb/2026 15:59:24] "[36mGET /static/css/theme.css HTTP/1.1[0m" 304 -
190.164.212.239 - - [12/Feb/2026 15:59:24] "[36mGET /static/js/marked.min.js HTTP/1.1[0m" 304 -
190.164.212.239 - - [12/Feb/2026 15:59:25] "GET /api/copilot/threads HTTP/1.1" 200 -
190.164.212.239 - - [12/Feb/2026 15:59:25] "GET /api/copilot/threads HTTP/1.1" 200 -
✅ Copilot SDK client initialized (using GitHub Copilot subscription)
   Note: Ensure copilot CLI is installed and authenticated
✅ Copilot SDK client initialized (using GitHub Copilot subscription)
   Note: Ensure copilot CLI is installed and authenticated
🔧 Registered tool: search_datasets🔧 Registered tool: search_datasets

🔧 Registered tool: list_local_datasets
🔧 Registered tool: preview_data
🔧 Registered tool: list_local_datasets
🔧 Registered tool: preview_data
🔧 Registered tool: download_owid
🔧 Registered tool: get_metadata🔧 Registered tool: download_owid
🔧 Registered tool: analyze_data
🔧 Registered tool: recommend_datasets
🔧 Registered tool: semantic_search_datasets
🔧 Registered tool: run_sql_query

🔧 Registered tool: fork_dataset
🔧 Registered tool: get_metadata
🔧 Registered tool: analyze_data🔧 Registered tool: get_dataset_versions
🔧 Registered tool: get_dataset_statistics
🔧 Registered tool: export_preview_csv
🔧 Registered tool: recommend_datasets

🔧 Registered tool: semantic_search_datasets
🔧 Registered tool: run_sql_query
🔧 Registered tool: fork_dataset
🔧 Registered tool: get_dataset_versions
🔧 Registered tool: list_datasets_with_filters🔧 Registered tool: get_dataset_statistics
🔧 Registered tool: export_preview_csv
🔧 Registered tool: list_available_tools
✅ Registered 15 MCP tools

190.164.212.239 - - [12/Feb/2026 15:59:25] "GET /api/copilot/health HTTP/1.1" 200 -
🔧 Registered tool: list_datasets_with_filters
🔧 Registered tool: list_available_tools
✅ Registered 15 MCP tools
190.164.212.239 - - [12/Feb/2026 15:59:25] "GET /api/datasets?limit=100&latest=true HTTP/1.1" 200 -
✅ Copilot SDK client initialized (using GitHub Copilot subscription)
   Note: Ensure copilot CLI is installed and authenticated
🔧 Registered tool: search_datasets
🔧 Registered tool: list_local_datasets
🔧 Registered tool: preview_data
🔧 Registered tool: download_owid
🔧 Registered tool: get_metadata
🔧 Registered tool: analyze_data
🔧 Registered tool: recommend_datasets
🔧 Registered tool: semantic_search_datasets
🔧 Registered tool: run_sql_query
🔧 Registered tool: fork_dataset
🔧 Registered tool: get_dataset_versions
🔧 Registered tool: get_dataset_statistics
🔧 Registered tool: export_preview_csv
🔧 Registered tool: list_datasets_with_filters
🔧 Registered tool: list_available_tools
✅ Registered 15 MCP tools
190.164.212.239 - - [12/Feb/2026 15:59:25] "GET /api/copilot/health HTTP/1.1" 200 -
190.164.212.239 - - [12/Feb/2026 15:59:25] "GET /api/datasets?limit=100&latest=true HTTP/1.1" 200 -
✅ Loaded 14 models from Copilot SDK
190.164.212.239 - - [12/Feb/2026 15:59:29] "GET /api/copilot/models HTTP/1.1" 200 -
✅ Copilot SDK client initialized (using GitHub Copilot subscription)
   Note: Ensure copilot CLI is installed and authenticated
🔧 Registered tool: search_datasets
🔧 Registered tool: list_local_datasets
🔧 Registered tool: preview_data
🔧 Registered tool: download_owid
🔧 Registered tool: get_metadata
🔧 Registered tool: analyze_data
🔧 Registered tool: recommend_datasets
🔧 Registered tool: semantic_search_datasets
🔧 Registered tool: run_sql_query
🔧 Registered tool: fork_dataset
🔧 Registered tool: get_dataset_versions
🔧 Registered tool: get_dataset_statistics
🔧 Registered tool: export_preview_csv
🔧 Registered tool: list_datasets_with_filters
🔧 Registered tool: list_available_tools
✅ Registered 15 MCP tools
✅ Loaded 14 models from Copilot SDK
190.164.212.239 - - [12/Feb/2026 15:59:32] "GET /api/copilot/models HTTP/1.1" 200 -
✅ Copilot SDK client initialized (using GitHub Copilot subscription)
   Note: Ensure copilot CLI is installed and authenticated
🔧 Registered tool: search_datasets
🔧 Registered tool: list_local_datasets
🔧 Registered tool: preview_data
🔧 Registered tool: download_owid
🔧 Registered tool: get_metadata
🔧 Registered tool: analyze_data
🔧 Registered tool: recommend_datasets
🔧 Registered tool: semantic_search_datasets
🔧 Registered tool: run_sql_query
🔧 Registered tool: fork_dataset
🔧 Registered tool: get_dataset_versions
🔧 Registered tool: get_dataset_statistics
🔧 Registered tool: export_preview_csv
🔧 Registered tool: list_datasets_with_filters
🔧 Registered tool: list_available_tools
✅ Registered 15 MCP tools
Loading weights:   0%|          | 0/199 [00:00<?, ?it/s]Loading weights:   1%|          | 1/199 [00:00<00:00, 3006.67it/s, Materializing param=embeddings.LayerNorm.bias]Loading weights:   1%|          | 1/199 [00:00<00:00, 1702.23it/s, Materializing param=embeddings.LayerNorm.bias]Loading weights:   1%|          | 2/199 [00:00<00:00, 1032.95it/s, Materializing param=embeddings.LayerNorm.weight]Loading weights:   1%|          | 2/199 [00:00<00:00, 957.39it/s, Materializing param=embeddings.LayerNorm.weight] Loading weights:   2%|▏         | 3/199 [00:00<00:00, 600.16it/s, Materializing param=embeddings.position_embeddings.weight]Loading weights:   2%|▏         | 3/199 [00:00<00:00, 567.67it/s, Materializing param=embeddings.position_embeddings.weight]Loading weights:   2%|▏         | 4/199 [00:00<00:00, 568.55it/s, Materializing param=embeddings.token_type_embeddings.weight]Loading weights:   2%|▏         | 4/199 [00:00<00:00, 528.65it/s, Materializing param=embeddings.token_type_embeddings.weight]Loading weights:   3%|▎         | 5/199 [00:00<00:00, 472.63it/s, Materializing param=embeddings.word_embeddings.weight]      Loading weights:   3%|▎         | 5/199 [00:00<00:00, 461.84it/s, Materializing param=embeddings.word_embeddings.weight]Loading weights:   3%|▎         | 6/199 [00:00<00:00, 475.06it/s, Materializing param=encoder.layer.0.attention.output.LayerNorm.bias]Loading weights:   3%|▎         | 6/199 [00:00<00:00, 465.70it/s, Materializing param=encoder.layer.0.attention.output.LayerNorm.bias]Loading weights:   4%|▎         | 7/199 [00:00<00:00, 502.57it/s, Materializing param=encoder.layer.0.attention.output.LayerNorm.weight]Loading weights:   4%|▎         | 7/199 [00:00<00:00, 495.76it/s, Materializing param=encoder.layer.0.attention.output.LayerNorm.weight]Loading weights:   4%|▍         | 8/199 [00:00<00:00, 498.77it/s, Materializing param=encoder.layer.0.attention.output.dense.bias]      Loading weights:   4%|▍         | 8/199 [00:00<00:00, 492.80it/s, Materializing param=encoder.layer.0.attention.output.dense.bias]Loading weights:   5%|▍         | 9/199 [00:00<00:00, 530.11it/s, Materializing param=encoder.layer.0.attention.output.dense.weight]Loading weights:   5%|▍         | 9/199 [00:00<00:00, 515.11it/s, Materializing param=encoder.layer.0.attention.output.dense.weight]Loading weights:   5%|▌         | 10/199 [00:00<00:00, 517.41it/s, Materializing param=encoder.layer.0.attention.self.key.bias]     Loading weights:   5%|▌         | 10/199 [00:00<00:00, 511.11it/s, Materializing param=encoder.layer.0.attention.self.key.bias]Loading weights:   6%|▌         | 11/199 [00:00<00:00, 487.27it/s, Materializing param=encoder.layer.0.attention.self.key.weight]Loading weights:   6%|▌         | 11/199 [00:00<00:00, 466.08it/s, Materializing param=encoder.layer.0.attention.self.key.weight]Loading weights:   6%|▌         | 12/199 [00:00<00:00, 498.32it/s, Materializing param=encoder.layer.0.attention.self.query.bias]Loading weights:   6%|▌         | 12/199 [00:00<00:00, 473.89it/s, Materializing param=encoder.layer.0.attention.self.query.bias]Loading weights:   7%|▋         | 13/199 [00:00<00:00, 502.93it/s, Materializing param=encoder.layer.0.attention.self.query.weight]Loading weights:   7%|▋         | 13/199 [00:00<00:00, 499.21it/s, Materializing param=encoder.layer.0.attention.self.query.weight]Loading weights:   7%|▋         | 14/199 [00:00<00:00, 524.66it/s, Materializing param=encoder.layer.0.attention.self.value.bias]  Loading weights:   7%|▋         | 14/199 [00:00<00:00, 496.67it/s, Materializing param=encoder.layer.0.attention.self.value.bias]Loading weights:   8%|▊         | 15/199 [00:00<00:00, 507.01it/s, Materializing param=encoder.layer.0.attention.self.value.weight]Loading weights:   8%|▊         | 15/199 [00:00<00:00, 503.87it/s, Materializing param=encoder.layer.0.attention.self.value.weight]Loading weights:   8%|▊         | 16/199 [00:00<00:00, 531.81it/s, Materializing param=encoder.layer.0.intermediate.dense.bias]    Loading weights:   8%|▊         | 16/199 [00:00<00:00, 502.44it/s, Materializing param=encoder.layer.0.intermediate.dense.bias]Loading weights:   9%|▊         | 17/199 [00:00<00:00, 500.15it/s, Materializing param=encoder.layer.0.intermediate.dense.weight]Loading weights:   9%|▊         | 17/199 [00:00<00:00, 477.77it/s, Materializing param=encoder.layer.0.intermediate.dense.weight]Loading weights:   9%|▉         | 18/199 [00:00<00:00, 480.47it/s, Materializing param=encoder.layer.0.output.LayerNorm.bias]    Loading weights:   9%|▉         | 18/199 [00:00<00:00, 477.88it/s, Materializing param=encoder.layer.0.output.LayerNorm.bias]Loading weights:  10%|▉         | 19/199 [00:00<00:00, 496.56it/s, Materializing param=encoder.layer.0.output.LayerNorm.weight]Loading weights:  10%|▉         | 19/199 [00:00<00:00, 494.09it/s, Materializing param=encoder.layer.0.output.LayerNorm.weight]Loading weights:  10%|█         | 20/199 [00:00<00:00, 509.22it/s, Materializing param=encoder.layer.0.output.dense.bias]      Loading weights:  10%|█         | 20/199 [00:00<00:00, 486.31it/s, Materializing param=encoder.layer.0.output.dense.bias]Loading weights:  11%|█         | 21/199 [00:00<00:00, 495.16it/s, Materializing param=encoder.layer.0.output.dense.weight]Loading weights:  11%|█         | 21/199 [00:00<00:00, 492.79it/s, Materializing param=encoder.layer.0.output.dense.weight]Loading weights:  11%|█         | 22/199 [00:00<00:00, 493.58it/s, Materializing param=encoder.layer.1.attention.output.LayerNorm.bias]Loading weights:  11%|█         | 22/199 [00:00<00:00, 488.23it/s, Materializing param=encoder.layer.1.attention.output.LayerNorm.bias]Loading weights:  12%|█▏        | 23/199 [00:00<00:00, 491.44it/s, Materializing param=encoder.layer.1.attention.output.LayerNorm.weight]Loading weights:  12%|█▏        | 23/199 [00:00<00:00, 489.65it/s, Materializing param=encoder.layer.1.attention.output.LayerNorm.weight]Loading weights:  12%|█▏        | 24/199 [00:00<00:00, 490.27it/s, Materializing param=encoder.layer.1.attention.output.dense.bias]      Loading weights:  12%|█▏        | 24/199 [00:00<00:00, 488.74it/s, Materializing param=encoder.layer.1.attention.output.dense.bias]Loading weights:  13%|█▎        | 25/199 [00:00<00:00, 494.09it/s, Materializing param=encoder.layer.1.attention.output.dense.weight]Loading weights:  13%|█▎        | 25/199 [00:00<00:00, 492.50it/s, Materializing param=encoder.layer.1.attention.output.dense.weight]Loading weights:  13%|█▎        | 26/199 [00:00<00:00, 497.62it/s, Materializing param=encoder.layer.1.attention.self.key.bias]      Loading weights:  13%|█▎        | 26/199 [00:00<00:00, 495.72it/s, Materializing param=encoder.layer.1.attention.self.key.bias]Loading weights:  14%|█▎        | 27/199 [00:00<00:00, 507.16it/s, Materializing param=encoder.layer.1.attention.self.key.weight]Loading weights:  14%|█▎        | 27/199 [00:00<00:00, 495.13it/s, Materializing param=encoder.layer.1.attention.self.key.weight]Loading weights:  14%|█▍        | 28/199 [00:00<00:00, 509.90it/s, Materializing param=encoder.layer.1.attention.self.query.bias]Loading weights:  14%|█▍        | 28/199 [00:00<00:00, 508.80it/s, Materializing param=encoder.layer.1.attention.self.query.bias]Loading weights:  15%|█▍        | 29/199 [00:00<00:00, 524.21it/s, Materializing param=encoder.layer.1.attention.self.query.weight]Loading weights:  15%|█▍        | 29/199 [00:00<00:00, 523.11it/s, Materializing param=encoder.layer.1.attention.self.query.weight]Loading weights:  15%|█▌        | 30/199 [00:00<00:00, 516.71it/s, Materializing param=encoder.layer.1.attention.self.value.bias]  Loading weights:  15%|█▌        | 30/199 [00:00<00:00, 506.60it/s, Materializing param=encoder.layer.1.attention.self.value.bias]Loading weights:  16%|█▌        | 31/199 [00:00<00:00, 517.69it/s, Materializing param=encoder.layer.1.attention.self.value.weight]Loading weights:  16%|█▌        | 31/199 [00:00<00:00, 516.10it/s, Materializing param=encoder.layer.1.attention.self.value.weight]Loading weights:  16%|█▌        | 32/199 [00:00<00:00, 522.63it/s, Materializing param=encoder.layer.1.intermediate.dense.bias]    Loading weights:  16%|█▌        | 32/199 [00:00<00:00, 520.99it/s, Materializing param=encoder.layer.1.intermediate.dense.bias]Loading weights:  17%|█▋        | 33/199 [00:00<00:00, 526.62it/s, Materializing param=encoder.layer.1.intermediate.dense.weight]Loading weights:  17%|█▋        | 33/199 [00:00<00:00, 519.74it/s, Materializing param=encoder.layer.1.intermediate.dense.weight]Loading weights:  17%|█▋        | 34/199 [00:00<00:00, 516.66it/s, Materializing param=encoder.layer.1.output.LayerNorm.bias]    Loading weights:  17%|█▋        | 34/199 [00:00<00:00, 514.65it/s, Materializing param=encoder.layer.1.output.LayerNorm.bias]Loading weights:  18%|█▊        | 35/199 [00:00<00:00, 524.09it/s, Materializing param=encoder.layer.1.output.LayerNorm.weight]Loading weights:  18%|█▊        | 35/199 [00:00<00:00, 516.92it/s, Materializing param=encoder.layer.1.output.LayerNorm.weight]Loading weights:  18%|█▊        | 36/199 [00:00<00:00, 526.38it/s, Materializing param=encoder.layer.1.output.dense.bias]      Loading weights:  18%|█▊        | 36/199 [00:00<00:00, 523.21it/s, Materializing param=encoder.layer.1.output.dense.bias]Loading weights:  19%|█▊        | 37/199 [00:00<00:00, 527.27it/s, Materializing param=encoder.layer.1.output.dense.weight]Loading weights:  19%|█▊        | 37/199 [00:00<00:00, 520.16it/s, Materializing param=encoder.layer.1.output.dense.weight]Loading weights:  19%|█▉        | 38/199 [00:00<00:00, 524.94it/s, Materializing param=encoder.layer.2.attention.output.LayerNorm.bias]Loading weights:  19%|█▉        | 38/199 [00:00<00:00, 523.96it/s, Materializing param=encoder.layer.2.attention.output.LayerNorm.bias]Loading weights:  20%|█▉        | 39/199 [00:00<00:00, 531.75it/s, Materializing param=encoder.layer.2.attention.output.LayerNorm.weight]Loading weights:  20%|█▉        | 39/199 [00:00<00:00, 530.84it/s, Materializing param=encoder.layer.2.attention.output.LayerNorm.weight]Loading weights:  20%|██        | 40/199 [00:00<00:00, 536.75it/s, Materializing param=encoder.layer.2.attention.output.dense.bias]      Loading weights:  20%|██        | 40/199 [00:00<00:00, 530.38it/s, Materializing param=encoder.layer.2.attention.output.dense.bias]Loading weights:  21%|██        | 41/199 [00:00<00:00, 535.63it/s, Materializing param=encoder.layer.2.attention.output.dense.weight]Loading weights:  21%|██        | 41/199 [00:00<00:00, 534.08it/s, Materializing param=encoder.layer.2.attention.output.dense.weight]Loading weights:  21%|██        | 42/199 [00:00<00:00, 542.85it/s, Materializing param=encoder.layer.2.attention.self.key.bias]      Loading weights:  21%|██        | 42/199 [00:00<00:00, 538.75it/s, Materializing param=encoder.layer.2.attention.self.key.bias]Loading weights:  22%|██▏       | 43/199 [00:00<00:00, 547.34it/s, Materializing param=encoder.layer.2.attention.self.key.weight]Loading weights:  22%|██▏       | 43/199 [00:00<00:00, 544.62it/s, Materializing param=encoder.layer.2.attention.self.key.weight]Loading weights:  22%|██▏       | 44/199 [00:00<00:00, 542.39it/s, Materializing param=encoder.layer.2.attention.self.query.bias]Loading weights:  22%|██▏       | 44/199 [00:00<00:00, 536.99it/s, Materializing param=encoder.layer.2.attention.self.query.bias]Loading weights:  23%|██▎       | 45/199 [00:00<00:00, 546.04it/s, Materializing param=encoder.layer.2.attention.self.query.weight]Loading weights:  23%|██▎       | 45/199 [00:00<00:00, 543.64it/s, Materializing param=encoder.layer.2.attention.self.query.weight]Loading weights:  23%|██▎       | 46/199 [00:00<00:00, 547.64it/s, Materializing param=encoder.layer.2.attention.self.value.bias]  Loading weights:  23%|██▎       | 46/199 [00:00<00:00, 546.77it/s, Materializing param=encoder.layer.2.attention.self.value.bias]Loading weights:  24%|██▎       | 47/199 [00:00<00:00, 553.41it/s, Materializing param=encoder.layer.2.attention.self.value.weight]Loading weights:  24%|██▎       | 47/199 [00:00<00:00, 547.23it/s, Materializing param=encoder.layer.2.attention.self.value.weight]Loading weights:  24%|██▍       | 48/199 [00:00<00:00, 555.85it/s, Materializing param=encoder.layer.2.intermediate.dense.bias]    Loading weights:  24%|██▍       | 48/199 [00:00<00:00, 554.55it/s, Materializing param=encoder.layer.2.intermediate.dense.bias]Loading weights:  25%|██▍       | 49/199 [00:00<00:00, 561.68it/s, Materializing param=encoder.layer.2.intermediate.dense.weight]Loading weights:  25%|██▍       | 49/199 [00:00<00:00, 560.67it/s, Materializing param=encoder.layer.2.intermediate.dense.weight]Loading weights:  25%|██▌       | 50/199 [00:00<00:00, 565.51it/s, Materializing param=encoder.layer.2.output.LayerNorm.bias]    Loading weights:  25%|██▌       | 50/199 [00:00<00:00, 561.98it/s, Materializing param=encoder.layer.2.output.LayerNorm.bias]Loading weights:  26%|██▌       | 51/199 [00:00<00:00, 569.00it/s, Materializing param=encoder.layer.2.output.LayerNorm.weight]Loading weights:  26%|██▌       | 51/199 [00:00<00:00, 565.53it/s, Materializing param=encoder.layer.2.output.LayerNorm.weight]Loading weights:  26%|██▌       | 52/199 [00:00<00:00, 566.22it/s, Materializing param=encoder.layer.2.output.dense.bias]      Loading weights:  26%|██▌       | 52/199 [00:00<00:00, 565.43it/s, Materializing param=encoder.layer.2.output.dense.bias]Loading weights:  27%|██▋       | 53/199 [00:00<00:00, 572.47it/s, Materializing param=encoder.layer.2.output.dense.weight]Loading weights:  27%|██▋       | 53/199 [00:00<00:00, 563.69it/s, Materializing param=encoder.layer.2.output.dense.weight]Loading weights:  27%|██▋       | 54/199 [00:00<00:00, 571.67it/s, Materializing param=encoder.layer.3.attention.output.LayerNorm.bias]Loading weights:  27%|██▋       | 54/199 [00:00<00:00, 570.69it/s, Materializing param=encoder.layer.3.attention.output.LayerNorm.bias]Loading weights:  28%|██▊       | 55/199 [00:00<00:00, 575.30it/s, Materializing param=encoder.layer.3.attention.output.LayerNorm.weight]Loading weights:  28%|██▊       | 55/199 [00:00<00:00, 571.41it/s, Materializing param=encoder.layer.3.attention.output.LayerNorm.weight]Loading weights:  28%|██▊       | 56/199 [00:00<00:00, 575.13it/s, Materializing param=encoder.layer.3.attention.output.dense.bias]      Loading weights:  28%|██▊       | 56/199 [00:00<00:00, 570.35it/s, Materializing param=encoder.layer.3.attention.output.dense.bias]Loading weights:  29%|██▊       | 57/199 [00:00<00:00, 571.35it/s, Materializing param=encoder.layer.3.attention.output.dense.weight]Loading weights:  29%|██▊       | 57/199 [00:00<00:00, 564.54it/s, Materializing param=encoder.layer.3.attention.output.dense.weight]Loading weights:  29%|██▉       | 58/199 [00:00<00:00, 571.91it/s, Materializing param=encoder.layer.3.attention.output.dense.weight]Loading weights:  29%|██▉       | 58/199 [00:00<00:00, 571.91it/s, Materializing param=encoder.layer.3.attention.self.key.bias]      Loading weights:  29%|██▉       | 58/199 [00:00<00:00, 571.91it/s, Materializing param=encoder.layer.3.attention.self.key.bias]Loading weights:  30%|██▉       | 59/199 [00:00<00:00, 571.91it/s, Materializing param=encoder.layer.3.attention.self.key.weight]Loading weights:  30%|██▉       | 59/199 [00:00<00:00, 571.91it/s, Materializing param=encoder.layer.3.attention.self.key.weight]Loading weights:  30%|███       | 60/199 [00:00<00:00, 571.91it/s, Materializing param=encoder.layer.3.attention.self.query.bias]Loading weights:  30%|███       | 60/199 [00:00<00:00, 571.91it/s, Materializing param=encoder.layer.3.attention.self.query.bias]Loading weights:  31%|███       | 61/199 [00:00<00:00, 571.91it/s, Materializing param=encoder.layer.3.attention.self.query.weight]Loading weights:  31%|███       | 61/199 [00:00<00:00, 571.91it/s, Materializing param=encoder.layer.3.attention.self.query.weight]Loading weights:  31%|███       | 62/199 [00:00<00:00, 571.91it/s, Materializing param=encoder.layer.3.attention.self.value.bias]  Loading weights:  31%|███       | 62/199 [00:00<00:00, 571.91it/s, Materializing param=encoder.layer.3.attention.self.value.bias]Loading weights:  32%|███▏      | 63/199 [00:00<00:00, 571.91it/s, Materializing param=encoder.layer.3.attention.self.value.weight]Loading weights:  32%|███▏      | 63/199 [00:00<00:00, 571.91it/s, Materializing param=encoder.layer.3.attention.self.value.weight]Loading weights:  32%|███▏      | 64/199 [00:00<00:00, 571.91it/s, Materializing param=encoder.layer.3.intermediate.dense.bias]    Loading weights:  32%|███▏      | 64/199 [00:00<00:00, 571.91it/s, Materializing param=encoder.layer.3.intermediate.dense.bias]Loading weights:  33%|███▎      | 65/199 [00:00<00:00, 571.91it/s, Materializing param=encoder.layer.3.intermediate.dense.weight]Loading weights:  33%|███▎      | 65/199 [00:00<00:00, 571.91it/s, Materializing param=encoder.layer.3.intermediate.dense.weight]Loading weights:  33%|███▎      | 66/199 [00:00<00:00, 571.91it/s, Materializing param=encoder.layer.3.output.LayerNorm.bias]    Loading weights:  33%|███▎      | 66/199 [00:00<00:00, 571.91it/s, Materializing param=encoder.layer.3.output.LayerNorm.bias]Loading weights:  34%|███▎      | 67/199 [00:00<00:00, 571.91it/s, Materializing param=encoder.layer.3.output.LayerNorm.weight]Loading weights:  34%|███▎      | 67/199 [00:00<00:00, 571.91it/s, Materializing param=encoder.layer.3.output.LayerNorm.weight]Loading weights:  34%|███▍      | 68/199 [00:00<00:00, 571.91it/s, Materializing param=encoder.layer.3.output.dense.bias]      Loading weights:  34%|███▍      | 68/199 [00:00<00:00, 571.91it/s, Materializing param=encoder.layer.3.output.dense.bias]Loading weights:  35%|███▍      | 69/199 [00:00<00:00, 571.91it/s, Materializing param=encoder.layer.3.output.dense.weight]Loading weights:  35%|███▍      | 69/199 [00:00<00:00, 571.91it/s, Materializing param=encoder.layer.3.output.dense.weight]Loading weights:  35%|███▌      | 70/199 [00:00<00:00, 571.91it/s, Materializing param=encoder.layer.4.attention.output.LayerNorm.bias]Loading weights:  35%|███▌      | 70/199 [00:00<00:00, 571.91it/s, Materializing param=encoder.layer.4.attention.output.LayerNorm.bias]Loading weights:  36%|███▌      | 71/199 [00:00<00:00, 571.91it/s, Materializing param=encoder.layer.4.attention.output.LayerNorm.weight]Loading weights:  36%|███▌      | 71/199 [00:00<00:00, 571.91it/s, Materializing param=encoder.layer.4.attention.output.LayerNorm.weight]Loading weights:  36%|███▌      | 72/199 [00:00<00:00, 571.91it/s, Materializing param=encoder.layer.4.attention.output.dense.bias]      Loading weights:  36%|███▌      | 72/199 [00:00<00:00, 571.91it/s, Materializing param=encoder.layer.4.attention.output.dense.bias]Loading weights:  37%|███▋      | 73/199 [00:00<00:00, 571.91it/s, Materializing param=encoder.layer.4.attention.output.dense.weight]Loading weights:  37%|███▋      | 73/199 [00:00<00:00, 571.91it/s, Materializing param=encoder.layer.4.attention.output.dense.weight]Loading weights:  37%|███▋      | 74/199 [00:00<00:00, 571.91it/s, Materializing param=encoder.layer.4.attention.self.key.bias]      Loading weights:  37%|███▋      | 74/199 [00:00<00:00, 571.91it/s, Materializing param=encoder.layer.4.attention.self.key.bias]Loading weights:  38%|███▊      | 75/199 [00:00<00:00, 571.91it/s, Materializing param=encoder.layer.4.attention.self.key.weight]Loading weights:  38%|███▊      | 75/199 [00:00<00:00, 571.91it/s, Materializing param=encoder.layer.4.attention.self.key.weight]Loading weights:  38%|███▊      | 76/199 [00:00<00:00, 571.91it/s, Materializing param=encoder.layer.4.attention.self.query.bias]Loading weights:  38%|███▊      | 76/199 [00:00<00:00, 571.91it/s, Materializing param=encoder.layer.4.attention.self.query.bias]Loading weights:  39%|███▊      | 77/199 [00:00<00:00, 571.91it/s, Materializing param=encoder.layer.4.attention.self.query.weight]Loading weights:  39%|███▊      | 77/199 [00:00<00:00, 571.91it/s, Materializing param=encoder.layer.4.attention.self.query.weight]Loading weights:  39%|███▉      | 78/199 [00:00<00:00, 571.91it/s, Materializing param=encoder.layer.4.attention.self.value.bias]  Loading weights:  39%|███▉      | 78/199 [00:00<00:00, 571.91it/s, Materializing param=encoder.layer.4.attention.self.value.bias]Loading weights:  40%|███▉      | 79/199 [00:00<00:00, 571.91it/s, Materializing param=encoder.layer.4.attention.self.value.weight]Loading weights:  40%|███▉      | 79/199 [00:00<00:00, 571.91it/s, Materializing param=encoder.layer.4.attention.self.value.weight]Loading weights:  40%|████      | 80/199 [00:00<00:00, 571.91it/s, Materializing param=encoder.layer.4.intermediate.dense.bias]    Loading weights:  40%|████      | 80/199 [00:00<00:00, 571.91it/s, Materializing param=encoder.layer.4.intermediate.dense.bias]Loading weights:  41%|████      | 81/199 [00:00<00:00, 571.91it/s, Materializing param=encoder.layer.4.intermediate.dense.weight]Loading weights:  41%|████      | 81/199 [00:00<00:00, 571.91it/s, Materializing param=encoder.layer.4.intermediate.dense.weight]Loading weights:  41%|████      | 82/199 [00:00<00:00, 571.91it/s, Materializing param=encoder.layer.4.output.LayerNorm.bias]    Loading weights:  41%|████      | 82/199 [00:00<00:00, 571.91it/s, Materializing param=encoder.layer.4.output.LayerNorm.bias]Loading weights:  42%|████▏     | 83/199 [00:00<00:00, 571.91it/s, Materializing param=encoder.layer.4.output.LayerNorm.weight]Loading weights:  42%|████▏     | 83/199 [00:00<00:00, 571.91it/s, Materializing param=encoder.layer.4.output.LayerNorm.weight]Loading weights:  42%|████▏     | 84/199 [00:00<00:00, 571.91it/s, Materializing param=encoder.layer.4.output.dense.bias]      Loading weights:  42%|████▏     | 84/199 [00:00<00:00, 571.91it/s, Materializing param=encoder.layer.4.output.dense.bias]Loading weights:  43%|████▎     | 85/199 [00:00<00:00, 571.91it/s, Materializing param=encoder.layer.4.output.dense.weight]Loading weights:  43%|████▎     | 85/199 [00:00<00:00, 571.91it/s, Materializing param=encoder.layer.4.output.dense.weight]Loading weights:  43%|████▎     | 86/199 [00:00<00:00, 571.91it/s, Materializing param=encoder.layer.5.attention.output.LayerNorm.bias]Loading weights:  43%|████▎     | 86/199 [00:00<00:00, 571.91it/s, Materializing param=encoder.layer.5.attention.output.LayerNorm.bias]Loading weights:  44%|████▎     | 87/199 [00:00<00:00, 571.91it/s, Materializing param=encoder.layer.5.attention.output.LayerNorm.weight]Loading weights:  44%|████▎     | 87/199 [00:00<00:00, 571.91it/s, Materializing param=encoder.layer.5.attention.output.LayerNorm.weight]Loading weights:  44%|████▍     | 88/199 [00:00<00:00, 571.91it/s, Materializing param=encoder.layer.5.attention.output.dense.bias]      Loading weights:  44%|████▍     | 88/199 [00:00<00:00, 571.91it/s, Materializing param=encoder.layer.5.attention.output.dense.bias]Loading weights:  45%|████▍     | 89/199 [00:00<00:00, 571.91it/s, Materializing param=encoder.layer.5.attention.output.dense.weight]Loading weights:  45%|████▍     | 89/199 [00:00<00:00, 571.91it/s, Materializing param=encoder.layer.5.attention.output.dense.weight]Loading weights:  45%|████▌     | 90/199 [00:00<00:00, 571.91it/s, Materializing param=encoder.layer.5.attention.self.key.bias]      Loading weights:  45%|████▌     | 90/199 [00:00<00:00, 571.91it/s, Materializing param=encoder.layer.5.attention.self.key.bias]Loading weights:  46%|████▌     | 91/199 [00:00<00:00, 571.91it/s, Materializing param=encoder.layer.5.attention.self.key.weight]Loading weights:  46%|████▌     | 91/199 [00:00<00:00, 571.91it/s, Materializing param=encoder.layer.5.attention.self.key.weight]Loading weights:  46%|████▌     | 92/199 [00:00<00:00, 571.91it/s, Materializing param=encoder.layer.5.attention.self.query.bias]Loading weights:  46%|████▌     | 92/199 [00:00<00:00, 571.91it/s, Materializing param=encoder.layer.5.attention.self.query.bias]Loading weights:  47%|████▋     | 93/199 [00:00<00:00, 571.91it/s, Materializing param=encoder.layer.5.attention.self.query.weight]Loading weights:  47%|████▋     | 93/199 [00:00<00:00, 571.91it/s, Materializing param=encoder.layer.5.attention.self.query.weight]Loading weights:  47%|████▋     | 94/199 [00:00<00:00, 571.91it/s, Materializing param=encoder.layer.5.attention.self.value.bias]  Loading weights:  47%|████▋     | 94/199 [00:00<00:00, 571.91it/s, Materializing param=encoder.layer.5.attention.self.value.bias]Loading weights:  48%|████▊     | 95/199 [00:00<00:00, 571.91it/s, Materializing param=encoder.layer.5.attention.self.value.weight]Loading weights:  48%|████▊     | 95/199 [00:00<00:00, 571.91it/s, Materializing param=encoder.layer.5.attention.self.value.weight]Loading weights:  48%|████▊     | 96/199 [00:00<00:00, 571.91it/s, Materializing param=encoder.layer.5.intermediate.dense.bias]    Loading weights:  48%|████▊     | 96/199 [00:00<00:00, 571.91it/s, Materializing param=encoder.layer.5.intermediate.dense.bias]Loading weights:  49%|████▊     | 97/199 [00:00<00:00, 571.91it/s, Materializing param=encoder.layer.5.intermediate.dense.weight]Loading weights:  49%|████▊     | 97/199 [00:00<00:00, 571.91it/s, Materializing param=encoder.layer.5.intermediate.dense.weight]Loading weights:  49%|████▉     | 98/199 [00:00<00:00, 571.91it/s, Materializing param=encoder.layer.5.output.LayerNorm.bias]    Loading weights:  49%|████▉     | 98/199 [00:00<00:00, 571.91it/s, Materializing param=encoder.layer.5.output.LayerNorm.bias]Loading weights:  50%|████▉     | 99/199 [00:00<00:00, 571.91it/s, Materializing param=encoder.layer.5.output.LayerNorm.weight]Loading weights:  50%|████▉     | 99/199 [00:00<00:00, 571.91it/s, Materializing param=encoder.layer.5.output.LayerNorm.weight]Loading weights:  50%|█████     | 100/199 [00:00<00:00, 571.91it/s, Materializing param=encoder.layer.5.output.dense.bias]     Loading weights:  50%|█████     | 100/199 [00:00<00:00, 571.91it/s, Materializing param=encoder.layer.5.output.dense.bias]Loading weights:  51%|█████     | 101/199 [00:00<00:00, 571.91it/s, Materializing param=encoder.layer.5.output.dense.weight]Loading weights:  51%|█████     | 101/199 [00:00<00:00, 571.91it/s, Materializing param=encoder.layer.5.output.dense.weight]Loading weights:  51%|█████▏    | 102/199 [00:00<00:00, 571.91it/s, Materializing param=encoder.layer.6.attention.output.LayerNorm.bias]Loading weights:  51%|█████▏    | 102/199 [00:00<00:00, 571.91it/s, Materializing param=encoder.layer.6.attention.output.LayerNorm.bias]Loading weights:  52%|█████▏    | 103/199 [00:00<00:00, 571.91it/s, Materializing param=encoder.layer.6.attention.output.LayerNorm.weight]Loading weights:  52%|█████▏    | 103/199 [00:00<00:00, 571.91it/s, Materializing param=encoder.layer.6.attention.output.LayerNorm.weight]Loading weights:  52%|█████▏    | 104/199 [00:00<00:00, 571.91it/s, Materializing param=encoder.layer.6.attention.output.dense.bias]      Loading weights:  52%|█████▏    | 104/199 [00:00<00:00, 571.91it/s, Materializing param=encoder.layer.6.attention.output.dense.bias]Loading weights:  53%|█████▎    | 105/199 [00:00<00:00, 571.91it/s, Materializing param=encoder.layer.6.attention.output.dense.weight]Loading weights:  53%|█████▎    | 105/199 [00:00<00:00, 571.91it/s, Materializing param=encoder.layer.6.attention.output.dense.weight]Loading weights:  53%|█████▎    | 106/199 [00:00<00:00, 571.91it/s, Materializing param=encoder.layer.6.attention.self.key.bias]      Loading weights:  53%|█████▎    | 106/199 [00:00<00:00, 571.91it/s, Materializing param=encoder.layer.6.attention.self.key.bias]Loading weights:  54%|█████▍    | 107/199 [00:00<00:00, 571.91it/s, Materializing param=encoder.layer.6.attention.self.key.weight]Loading weights:  54%|█████▍    | 107/199 [00:00<00:00, 571.91it/s, Materializing param=encoder.layer.6.attention.self.key.weight]Loading weights:  54%|█████▍    | 108/199 [00:00<00:00, 571.91it/s, Materializing param=encoder.layer.6.attention.self.query.bias]Loading weights:  54%|█████▍    | 108/199 [00:00<00:00, 571.91it/s, Materializing param=encoder.layer.6.attention.self.query.bias]Loading weights:  55%|█████▍    | 109/199 [00:00<00:00, 571.91it/s, Materializing param=encoder.layer.6.attention.self.query.weight]Loading weights:  55%|█████▍    | 109/199 [00:00<00:00, 571.91it/s, Materializing param=encoder.layer.6.attention.self.query.weight]Loading weights:  55%|█████▌    | 110/199 [00:00<00:00, 571.91it/s, Materializing param=encoder.layer.6.attention.self.value.bias]  Loading weights:  55%|█████▌    | 110/199 [00:00<00:00, 571.91it/s, Materializing param=encoder.layer.6.attention.self.value.bias]Loading weights:  56%|█████▌    | 111/199 [00:00<00:00, 571.91it/s, Materializing param=encoder.layer.6.attention.self.value.weight]Loading weights:  56%|█████▌    | 111/199 [00:00<00:00, 571.91it/s, Materializing param=encoder.layer.6.attention.self.value.weight]Loading weights:  56%|█████▋    | 112/199 [00:00<00:00, 571.91it/s, Materializing param=encoder.layer.6.intermediate.dense.bias]    Loading weights:  56%|█████▋    | 112/199 [00:00<00:00, 571.91it/s, Materializing param=encoder.layer.6.intermediate.dense.bias]Loading weights:  57%|█████▋    | 113/199 [00:00<00:00, 571.91it/s, Materializing param=encoder.layer.6.intermediate.dense.weight]Loading weights:  57%|█████▋    | 113/199 [00:00<00:00, 571.91it/s, Materializing param=encoder.layer.6.intermediate.dense.weight]Loading weights:  57%|█████▋    | 114/199 [00:00<00:00, 571.91it/s, Materializing param=encoder.layer.6.output.LayerNorm.bias]    Loading weights:  57%|█████▋    | 114/199 [00:00<00:00, 571.91it/s, Materializing param=encoder.layer.6.output.LayerNorm.bias]Loading weights:  58%|█████▊    | 115/199 [00:00<00:00, 571.91it/s, Materializing param=encoder.layer.6.output.LayerNorm.weight]Loading weights:  58%|█████▊    | 115/199 [00:00<00:00, 571.91it/s, Materializing param=encoder.layer.6.output.LayerNorm.weight]Loading weights:  58%|█████▊    | 116/199 [00:00<00:00, 571.91it/s, Materializing param=encoder.layer.6.output.dense.bias]      Loading weights:  58%|█████▊    | 116/199 [00:00<00:00, 571.91it/s, Materializing param=encoder.layer.6.output.dense.bias]Loading weights:  59%|█████▉    | 117/199 [00:00<00:00, 571.91it/s, Materializing param=encoder.layer.6.output.dense.weight]Loading weights:  59%|█████▉    | 117/199 [00:00<00:00, 571.91it/s, Materializing param=encoder.layer.6.output.dense.weight]Loading weights:  59%|█████▉    | 118/199 [00:00<00:00, 571.91it/s, Materializing param=encoder.layer.7.attention.output.LayerNorm.bias]Loading weights:  59%|█████▉    | 118/199 [00:00<00:00, 571.91it/s, Materializing param=encoder.layer.7.attention.output.LayerNorm.bias]Loading weights:  60%|█████▉    | 119/199 [00:00<00:00, 571.91it/s, Materializing param=encoder.layer.7.attention.output.LayerNorm.weight]Loading weights:  60%|█████▉    | 119/199 [00:00<00:00, 571.91it/s, Materializing param=encoder.layer.7.attention.output.LayerNorm.weight]Loading weights:  60%|██████    | 120/199 [00:00<00:00, 571.91it/s, Materializing param=encoder.layer.7.attention.output.dense.bias]      Loading weights:  60%|██████    | 120/199 [00:00<00:00, 571.91it/s, Materializing param=encoder.layer.7.attention.output.dense.bias]Loading weights:  61%|██████    | 121/199 [00:00<00:00, 571.91it/s, Materializing param=encoder.layer.7.attention.output.dense.weight]Loading weights:  61%|██████    | 121/199 [00:00<00:00, 571.91it/s, Materializing param=encoder.layer.7.attention.output.dense.weight]Loading weights:  61%|██████▏   | 122/199 [00:00<00:00, 571.91it/s, Materializing param=encoder.layer.7.attention.self.key.bias]      Loading weights:  61%|██████▏   | 122/199 [00:00<00:00, 571.91it/s, Materializing param=encoder.layer.7.attention.self.key.bias]Loading weights:  62%|██████▏   | 123/199 [00:00<00:00, 571.91it/s, Materializing param=encoder.layer.7.attention.self.key.weight]Loading weights:  62%|██████▏   | 123/199 [00:00<00:00, 571.91it/s, Materializing param=encoder.layer.7.attention.self.key.weight]Loading weights:  62%|██████▏   | 124/199 [00:00<00:00, 571.91it/s, Materializing param=encoder.layer.7.attention.self.query.bias]Loading weights:  62%|██████▏   | 124/199 [00:00<00:00, 571.91it/s, Materializing param=encoder.layer.7.attention.self.query.bias]Loading weights:  63%|██████▎   | 125/199 [00:00<00:00, 571.91it/s, Materializing param=encoder.layer.7.attention.self.query.weight]Loading weights:  63%|██████▎   | 125/199 [00:00<00:00, 571.91it/s, Materializing param=encoder.layer.7.attention.self.query.weight]Loading weights:  63%|██████▎   | 126/199 [00:00<00:00, 571.91it/s, Materializing param=encoder.layer.7.attention.self.value.bias]  Loading weights:  63%|██████▎   | 126/199 [00:00<00:00, 571.91it/s, Materializing param=encoder.layer.7.attention.self.value.bias]Loading weights:  64%|██████▍   | 127/199 [00:00<00:00, 571.91it/s, Materializing param=encoder.layer.7.attention.self.value.weight]Loading weights:  64%|██████▍   | 127/199 [00:00<00:00, 571.91it/s, Materializing param=encoder.layer.7.attention.self.value.weight]Loading weights:  64%|██████▍   | 128/199 [00:00<00:00, 571.91it/s, Materializing param=encoder.layer.7.intermediate.dense.bias]    Loading weights:  64%|██████▍   | 128/199 [00:00<00:00, 571.91it/s, Materializing param=encoder.layer.7.intermediate.dense.bias]Loading weights:  65%|██████▍   | 129/199 [00:00<00:00, 571.91it/s, Materializing param=encoder.layer.7.intermediate.dense.weight]Loading weights:  65%|██████▍   | 129/199 [00:00<00:00, 571.91it/s, Materializing param=encoder.layer.7.intermediate.dense.weight]Loading weights:  65%|██████▌   | 130/199 [00:00<00:00, 571.91it/s, Materializing param=encoder.layer.7.output.LayerNorm.bias]    Loading weights:  65%|██████▌   | 130/199 [00:00<00:00, 571.91it/s, Materializing param=encoder.layer.7.output.LayerNorm.bias]Loading weights:  66%|██████▌   | 131/199 [00:00<00:00, 571.91it/s, Materializing param=encoder.layer.7.output.LayerNorm.weight]Loading weights:  66%|██████▌   | 131/199 [00:00<00:00, 571.91it/s, Materializing param=encoder.layer.7.output.LayerNorm.weight]Loading weights:  66%|██████▋   | 132/199 [00:00<00:00, 571.91it/s, Materializing param=encoder.layer.7.output.dense.bias]      Loading weights:  66%|██████▋   | 132/199 [00:00<00:00, 571.91it/s, Materializing param=encoder.layer.7.output.dense.bias]Loading weights:  67%|██████▋   | 133/199 [00:00<00:00, 571.91it/s, Materializing param=encoder.layer.7.output.dense.weight]Loading weights:  67%|██████▋   | 133/199 [00:00<00:00, 571.91it/s, Materializing param=encoder.layer.7.output.dense.weight]Loading weights:  67%|██████▋   | 134/199 [00:00<00:00, 571.91it/s, Materializing param=encoder.layer.8.attention.output.LayerNorm.bias]Loading weights:  67%|██████▋   | 134/199 [00:00<00:00, 571.91it/s, Materializing param=encoder.layer.8.attention.output.LayerNorm.bias]Loading weights:  68%|██████▊   | 135/199 [00:00<00:00, 571.91it/s, Materializing param=encoder.layer.8.attention.output.LayerNorm.weight]Loading weights:  68%|██████▊   | 135/199 [00:00<00:00, 571.91it/s, Materializing param=encoder.layer.8.attention.output.LayerNorm.weight]Loading weights:  68%|██████▊   | 136/199 [00:00<00:00, 571.91it/s, Materializing param=encoder.layer.8.attention.output.dense.bias]      Loading weights:  68%|██████▊   | 136/199 [00:00<00:00, 571.91it/s, Materializing param=encoder.layer.8.attention.output.dense.bias]Loading weights:  69%|██████▉   | 137/199 [00:00<00:00, 571.91it/s, Materializing param=encoder.layer.8.attention.output.dense.weight]Loading weights:  69%|██████▉   | 137/199 [00:00<00:00, 571.91it/s, Materializing param=encoder.layer.8.attention.output.dense.weight]Loading weights:  69%|██████▉   | 138/199 [00:00<00:00, 571.91it/s, Materializing param=encoder.layer.8.attention.self.key.bias]      Loading weights:  69%|██████▉   | 138/199 [00:00<00:00, 571.91it/s, Materializing param=encoder.layer.8.attention.self.key.bias]Loading weights:  70%|██████▉   | 139/199 [00:00<00:00, 571.91it/s, Materializing param=encoder.layer.8.attention.self.key.weight]Loading weights:  70%|██████▉   | 139/199 [00:00<00:00, 571.91it/s, Materializing param=encoder.layer.8.attention.self.key.weight]Loading weights:  70%|███████   | 140/199 [00:00<00:00, 571.91it/s, Materializing param=encoder.layer.8.attention.self.query.bias]Loading weights:  70%|███████   | 140/199 [00:00<00:00, 571.91it/s, Materializing param=encoder.layer.8.attention.self.query.bias]Loading weights:  71%|███████   | 141/199 [00:00<00:00, 571.91it/s, Materializing param=encoder.layer.8.attention.self.query.weight]Loading weights:  71%|███████   | 141/199 [00:00<00:00, 571.91it/s, Materializing param=encoder.layer.8.attention.self.query.weight]Loading weights:  71%|███████▏  | 142/199 [00:00<00:00, 571.91it/s, Materializing param=encoder.layer.8.attention.self.value.bias]  Loading weights:  71%|███████▏  | 142/199 [00:00<00:00, 571.91it/s, Materializing param=encoder.layer.8.attention.self.value.bias]Loading weights:  72%|███████▏  | 143/199 [00:00<00:00, 571.91it/s, Materializing param=encoder.layer.8.attention.self.value.weight]Loading weights:  72%|███████▏  | 143/199 [00:00<00:00, 571.91it/s, Materializing param=encoder.layer.8.attention.self.value.weight]Loading weights:  72%|███████▏  | 144/199 [00:00<00:00, 571.91it/s, Materializing param=encoder.layer.8.intermediate.dense.bias]    Loading weights:  72%|███████▏  | 144/199 [00:00<00:00, 571.91it/s, Materializing param=encoder.layer.8.intermediate.dense.bias]Loading weights:  73%|███████▎  | 145/199 [00:00<00:00, 571.91it/s, Materializing param=encoder.layer.8.intermediate.dense.weight]Loading weights:  73%|███████▎  | 145/199 [00:00<00:00, 571.91it/s, Materializing param=encoder.layer.8.intermediate.dense.weight]Loading weights:  73%|███████▎  | 146/199 [00:00<00:00, 571.91it/s, Materializing param=encoder.layer.8.output.LayerNorm.bias]    Loading weights:  73%|███████▎  | 146/199 [00:00<00:00, 571.91it/s, Materializing param=encoder.layer.8.output.LayerNorm.bias]Loading weights:  74%|███████▍  | 147/199 [00:00<00:00, 571.91it/s, Materializing param=encoder.layer.8.output.LayerNorm.weight]Loading weights:  74%|███████▍  | 147/199 [00:00<00:00, 571.91it/s, Materializing param=encoder.layer.8.output.LayerNorm.weight]Loading weights:  74%|███████▍  | 148/199 [00:00<00:00, 571.91it/s, Materializing param=encoder.layer.8.output.dense.bias]      Loading weights:  74%|███████▍  | 148/199 [00:00<00:00, 571.91it/s, Materializing param=encoder.layer.8.output.dense.bias]Loading weights:  75%|███████▍  | 149/199 [00:00<00:00, 571.91it/s, Materializing param=encoder.layer.8.output.dense.weight]Loading weights:  75%|███████▍  | 149/199 [00:00<00:00, 571.91it/s, Materializing param=encoder.layer.8.output.dense.weight]Loading weights:  75%|███████▌  | 150/199 [00:00<00:00, 571.91it/s, Materializing param=encoder.layer.9.attention.output.LayerNorm.bias]Loading weights:  75%|███████▌  | 150/199 [00:00<00:00, 571.91it/s, Materializing param=encoder.layer.9.attention.output.LayerNorm.bias]Loading weights:  76%|███████▌  | 151/199 [00:00<00:00, 571.91it/s, Materializing param=encoder.layer.9.attention.output.LayerNorm.weight]Loading weights:  76%|███████▌  | 151/199 [00:00<00:00, 571.91it/s, Materializing param=encoder.layer.9.attention.output.LayerNorm.weight]Loading weights:  76%|███████▋  | 152/199 [00:00<00:00, 571.91it/s, Materializing param=encoder.layer.9.attention.output.dense.bias]      Loading weights:  76%|███████▋  | 152/199 [00:00<00:00, 571.91it/s, Materializing param=encoder.layer.9.attention.output.dense.bias]Loading weights:  77%|███████▋  | 153/199 [00:00<00:00, 571.91it/s, Materializing param=encoder.layer.9.attention.output.dense.weight]Loading weights:  77%|███████▋  | 153/199 [00:00<00:00, 571.91it/s, Materializing param=encoder.layer.9.attention.output.dense.weight]Loading weights:  77%|███████▋  | 154/199 [00:00<00:00, 571.91it/s, Materializing param=encoder.layer.9.attention.self.key.bias]      Loading weights:  77%|███████▋  | 154/199 [00:00<00:00, 571.91it/s, Materializing param=encoder.layer.9.attention.self.key.bias]Loading weights:  78%|███████▊  | 155/199 [00:00<00:00, 571.91it/s, Materializing param=encoder.layer.9.attention.self.key.weight]Loading weights:  78%|███████▊  | 155/199 [00:00<00:00, 571.91it/s, Materializing param=encoder.layer.9.attention.self.key.weight]Loading weights:  78%|███████▊  | 156/199 [00:00<00:00, 571.91it/s, Materializing param=encoder.layer.9.attention.self.query.bias]Loading weights:  78%|███████▊  | 156/199 [00:00<00:00, 571.91it/s, Materializing param=encoder.layer.9.attention.self.query.bias]Loading weights:  79%|███████▉  | 157/199 [00:00<00:00, 571.91it/s, Materializing param=encoder.layer.9.attention.self.query.weight]Loading weights:  79%|███████▉  | 157/199 [00:00<00:00, 571.91it/s, Materializing param=encoder.layer.9.attention.self.query.weight]Loading weights:  79%|███████▉  | 158/199 [00:00<00:00, 571.91it/s, Materializing param=encoder.layer.9.attention.self.value.bias]  Loading weights:  79%|███████▉  | 158/199 [00:00<00:00, 571.91it/s, Materializing param=encoder.layer.9.attention.self.value.bias]Loading weights:  80%|███████▉  | 159/199 [00:00<00:00, 571.91it/s, Materializing param=encoder.layer.9.attention.self.value.weight]Loading weights:  80%|███████▉  | 159/199 [00:00<00:00, 571.91it/s, Materializing param=encoder.layer.9.attention.self.value.weight]Loading weights:  80%|████████  | 160/199 [00:00<00:00, 571.91it/s, Materializing param=encoder.layer.9.intermediate.dense.bias]    Loading weights:  80%|████████  | 160/199 [00:00<00:00, 571.91it/s, Materializing param=encoder.layer.9.intermediate.dense.bias]Loading weights:  81%|████████  | 161/199 [00:00<00:00, 571.91it/s, Materializing param=encoder.layer.9.intermediate.dense.weight]Loading weights:  81%|████████  | 161/199 [00:00<00:00, 571.91it/s, Materializing param=encoder.layer.9.intermediate.dense.weight]Loading weights:  81%|████████▏ | 162/199 [00:00<00:00, 844.95it/s, Materializing param=encoder.layer.9.intermediate.dense.weight]Loading weights:  81%|████████▏ | 162/199 [00:00<00:00, 844.95it/s, Materializing param=encoder.layer.9.output.LayerNorm.bias]    Loading weights:  81%|████████▏ | 162/199 [00:00<00:00, 844.95it/s, Materializing param=encoder.layer.9.output.LayerNorm.bias]Loading weights:  82%|████████▏ | 163/199 [00:00<00:00, 844.95it/s, Materializing param=encoder.layer.9.output.LayerNorm.weight]Loading weights:  82%|████████▏ | 163/199 [00:00<00:00, 844.95it/s, Materializing param=encoder.layer.9.output.LayerNorm.weight]Loading weights:  82%|████████▏ | 164/199 [00:00<00:00, 844.95it/s, Materializing param=encoder.layer.9.output.dense.bias]      Loading weights:  82%|████████▏ | 164/199 [00:00<00:00, 844.95it/s, Materializing param=encoder.layer.9.output.dense.bias]Loading weights:  83%|████████▎ | 165/199 [00:00<00:00, 844.95it/s, Materializing param=encoder.layer.9.output.dense.weight]Loading weights:  83%|████████▎ | 165/199 [00:00<00:00, 844.95it/s, Materializing param=encoder.layer.9.output.dense.weight]Loading weights:  83%|████████▎ | 166/199 [00:00<00:00, 844.95it/s, Materializing param=encoder.layer.10.attention.output.LayerNorm.bias]Loading weights:  83%|████████▎ | 166/199 [00:00<00:00, 844.95it/s, Materializing param=encoder.layer.10.attention.output.LayerNorm.bias]Loading weights:  84%|████████▍ | 167/199 [00:00<00:00, 844.95it/s, Materializing param=encoder.layer.10.attention.output.LayerNorm.weight]Loading weights:  84%|████████▍ | 167/199 [00:00<00:00, 844.95it/s, Materializing param=encoder.layer.10.attention.output.LayerNorm.weight]Loading weights:  84%|████████▍ | 168/199 [00:00<00:00, 844.95it/s, Materializing param=encoder.layer.10.attention.output.dense.bias]      Loading weights:  84%|████████▍ | 168/199 [00:00<00:00, 844.95it/s, Materializing param=encoder.layer.10.attention.output.dense.bias]Loading weights:  85%|████████▍ | 169/199 [00:00<00:00, 844.95it/s, Materializing param=encoder.layer.10.attention.output.dense.weight]Loading weights:  85%|████████▍ | 169/199 [00:00<00:00, 844.95it/s, Materializing param=encoder.layer.10.attention.output.dense.weight]Loading weights:  85%|████████▌ | 170/199 [00:00<00:00, 844.95it/s, Materializing param=encoder.layer.10.attention.self.key.bias]      Loading weights:  85%|████████▌ | 170/199 [00:00<00:00, 844.95it/s, Materializing param=encoder.layer.10.attention.self.key.bias]Loading weights:  86%|████████▌ | 171/199 [00:00<00:00, 844.95it/s, Materializing param=encoder.layer.10.attention.self.key.weight]Loading weights:  86%|████████▌ | 171/199 [00:00<00:00, 844.95it/s, Materializing param=encoder.layer.10.attention.self.key.weight]Loading weights:  86%|████████▋ | 172/199 [00:00<00:00, 844.95it/s, Materializing param=encoder.layer.10.attention.self.query.bias]Loading weights:  86%|████████▋ | 172/199 [00:00<00:00, 844.95it/s, Materializing param=encoder.layer.10.attention.self.query.bias]Loading weights:  87%|████████▋ | 173/199 [00:00<00:00, 844.95it/s, Materializing param=encoder.layer.10.attention.self.query.weight]Loading weights:  87%|████████▋ | 173/199 [00:00<00:00, 844.95it/s, Materializing param=encoder.layer.10.attention.self.query.weight]Loading weights:  87%|████████▋ | 174/199 [00:00<00:00, 844.95it/s, Materializing param=encoder.layer.10.attention.self.value.bias]  Loading weights:  87%|████████▋ | 174/199 [00:00<00:00, 844.95it/s, Materializing param=encoder.layer.10.attention.self.value.bias]Loading weights:  88%|████████▊ | 175/199 [00:00<00:00, 844.95it/s, Materializing param=encoder.layer.10.attention.self.value.weight]Loading weights:  88%|████████▊ | 175/199 [00:00<00:00, 844.95it/s, Materializing param=encoder.layer.10.attention.self.value.weight]Loading weights:  88%|████████▊ | 176/199 [00:00<00:00, 844.95it/s, Materializing param=encoder.layer.10.intermediate.dense.bias]    Loading weights:  88%|████████▊ | 176/199 [00:00<00:00, 844.95it/s, Materializing param=encoder.layer.10.intermediate.dense.bias]Loading weights:  89%|████████▉ | 177/199 [00:00<00:00, 844.95it/s, Materializing param=encoder.layer.10.intermediate.dense.weight]Loading weights:  89%|████████▉ | 177/199 [00:00<00:00, 844.95it/s, Materializing param=encoder.layer.10.intermediate.dense.weight]Loading weights:  89%|████████▉ | 178/199 [00:00<00:00, 844.95it/s, Materializing param=encoder.layer.10.output.LayerNorm.bias]    Loading weights:  89%|████████▉ | 178/199 [00:00<00:00, 844.95it/s, Materializing param=encoder.layer.10.output.LayerNorm.bias]Loading weights:  90%|████████▉ | 179/199 [00:00<00:00, 844.95it/s, Materializing param=encoder.layer.10.output.LayerNorm.weight]Loading weights:  90%|████████▉ | 179/199 [00:00<00:00, 844.95it/s, Materializing param=encoder.layer.10.output.LayerNorm.weight]Loading weights:  90%|█████████ | 180/199 [00:00<00:00, 844.95it/s, Materializing param=encoder.layer.10.output.dense.bias]      Loading weights:  90%|█████████ | 180/199 [00:00<00:00, 844.95it/s, Materializing param=encoder.layer.10.output.dense.bias]Loading weights:  91%|█████████ | 181/199 [00:00<00:00, 844.95it/s, Materializing param=encoder.layer.10.output.dense.weight]Loading weights:  91%|█████████ | 181/199 [00:00<00:00, 844.95it/s, Materializing param=encoder.layer.10.output.dense.weight]Loading weights:  91%|█████████▏| 182/199 [00:00<00:00, 844.95it/s, Materializing param=encoder.layer.11.attention.output.LayerNorm.bias]Loading weights:  91%|█████████▏| 182/199 [00:00<00:00, 844.95it/s, Materializing param=encoder.layer.11.attention.output.LayerNorm.bias]Loading weights:  92%|█████████▏| 183/199 [00:00<00:00, 844.95it/s, Materializing param=encoder.layer.11.attention.output.LayerNorm.weight]Loading weights:  92%|█████████▏| 183/199 [00:00<00:00, 844.95it/s, Materializing param=encoder.layer.11.attention.output.LayerNorm.weight]Loading weights:  92%|█████████▏| 184/199 [00:00<00:00, 844.95it/s, Materializing param=encoder.layer.11.attention.output.dense.bias]      Loading weights:  92%|█████████▏| 184/199 [00:00<00:00, 844.95it/s, Materializing param=encoder.layer.11.attention.output.dense.bias]Loading weights:  93%|█████████▎| 185/199 [00:00<00:00, 844.95it/s, Materializing param=encoder.layer.11.attention.output.dense.weight]Loading weights:  93%|█████████▎| 185/199 [00:00<00:00, 844.95it/s, Materializing param=encoder.layer.11.attention.output.dense.weight]Loading weights:  93%|█████████▎| 186/199 [00:00<00:00, 844.95it/s, Materializing param=encoder.layer.11.attention.self.key.bias]      Loading weights:  93%|█████████▎| 186/199 [00:00<00:00, 844.95it/s, Materializing param=encoder.layer.11.attention.self.key.bias]Loading weights:  94%|█████████▍| 187/199 [00:00<00:00, 844.95it/s, Materializing param=encoder.layer.11.attention.self.key.weight]Loading weights:  94%|█████████▍| 187/199 [00:00<00:00, 844.95it/s, Materializing param=encoder.layer.11.attention.self.key.weight]Loading weights:  94%|█████████▍| 188/199 [00:00<00:00, 844.95it/s, Materializing param=encoder.layer.11.attention.self.query.bias]Loading weights:  94%|█████████▍| 188/199 [00:00<00:00, 844.95it/s, Materializing param=encoder.layer.11.attention.self.query.bias]Loading weights:  95%|█████████▍| 189/199 [00:00<00:00, 844.95it/s, Materializing param=encoder.layer.11.attention.self.query.weight]Loading weights:  95%|█████████▍| 189/199 [00:00<00:00, 844.95it/s, Materializing param=encoder.layer.11.attention.self.query.weight]Loading weights:  95%|█████████▌| 190/199 [00:00<00:00, 844.95it/s, Materializing param=encoder.layer.11.attention.self.value.bias]  Loading weights:  95%|█████████▌| 190/199 [00:00<00:00, 844.95it/s, Materializing param=encoder.layer.11.attention.self.value.bias]Loading weights:  96%|█████████▌| 191/199 [00:00<00:00, 844.95it/s, Materializing param=encoder.layer.11.attention.self.value.weight]Loading weights:  96%|█████████▌| 191/199 [00:00<00:00, 844.95it/s, Materializing param=encoder.layer.11.attention.self.value.weight]Loading weights:  96%|█████████▋| 192/199 [00:00<00:00, 844.95it/s, Materializing param=encoder.layer.11.intermediate.dense.bias]    Loading weights:  96%|█████████▋| 192/199 [00:00<00:00, 844.95it/s, Materializing param=encoder.layer.11.intermediate.dense.bias]Loading weights:  97%|█████████▋| 193/199 [00:00<00:00, 844.95it/s, Materializing param=encoder.layer.11.intermediate.dense.weight]Loading weights:  97%|█████████▋| 193/199 [00:00<00:00, 844.95it/s, Materializing param=encoder.layer.11.intermediate.dense.weight]Loading weights:  97%|█████████▋| 194/199 [00:00<00:00, 844.95it/s, Materializing param=encoder.layer.11.output.LayerNorm.bias]    Loading weights:  97%|█████████▋| 194/199 [00:00<00:00, 844.95it/s, Materializing param=encoder.layer.11.output.LayerNorm.bias]Loading weights:  98%|█████████▊| 195/199 [00:00<00:00, 844.95it/s, Materializing param=encoder.layer.11.output.LayerNorm.weight]Loading weights:  98%|█████████▊| 195/199 [00:00<00:00, 844.95it/s, Materializing param=encoder.layer.11.output.LayerNorm.weight]Loading weights:  98%|█████████▊| 196/199 [00:00<00:00, 844.95it/s, Materializing param=encoder.layer.11.output.dense.bias]      Loading weights:  98%|█████████▊| 196/199 [00:00<00:00, 844.95it/s, Materializing param=encoder.layer.11.output.dense.bias]Loading weights:  99%|█████████▉| 197/199 [00:00<00:00, 844.95it/s, Materializing param=encoder.layer.11.output.dense.weight]Loading weights:  99%|█████████▉| 197/199 [00:00<00:00, 844.95it/s, Materializing param=encoder.layer.11.output.dense.weight]Loading weights:  99%|█████████▉| 198/199 [00:00<00:00, 844.95it/s, Materializing param=pooler.dense.bias]                   Loading weights:  99%|█████████▉| 198/199 [00:00<00:00, 844.95it/s, Materializing param=pooler.dense.bias]Loading weights: 100%|██████████| 199/199 [00:00<00:00, 844.95it/s, Materializing param=pooler.dense.weight]Loading weights: 100%|██████████| 199/199 [00:00<00:00, 844.95it/s, Materializing param=pooler.dense.weight]Loading weights: 100%|██████████| 199/199 [00:00<00:00, 849.56it/s, Materializing param=pooler.dense.weight]
[1mBertModel LOAD REPORT[0m from: sentence-transformers/paraphrase-multilingual-MiniLM-L12-v2
Key                     | Status     |  | 
------------------------+------------+--+-
embeddings.position_ids | UNEXPECTED |  | 

[3mNotes:
- UNEXPECTED[3m	:can be ignored when loading from different task/architecture; not ok if you expect identical arch.[0m
Warning: You are sending unauthenticated requests to the HF Hub. Please set a HF_TOKEN to enable higher rate limits and faster downloads.
190.164.212.239 - - [12/Feb/2026 16:00:36] "POST /api/copilot/stream HTTP/1.1" 200 -
[copilot] pre-tool: list_local_datasets
[copilot] post-tool: list_local_datasets
190.164.212.239 - - [12/Feb/2026 16:00:45] "[31m[1mPOST /api/agent/suggest HTTP/1.1[0m" 400 -
190.164.212.239 - - [12/Feb/2026 16:00:45] "PUT /api/copilot/threads/2 HTTP/1.1" 200 -
190.164.212.239 - - [12/Feb/2026 16:06:37] "GET /copilot_chat HTTP/1.1" 200 -
190.164.212.239 - - [12/Feb/2026 16:06:37] "[36mGET /static/css/theme.css HTTP/1.1[0m" 304 -
190.164.212.239 - - [12/Feb/2026 16:06:37] "[36mGET /static/js/marked.min.js HTTP/1.1[0m" 304 -
190.164.212.239 - - [12/Feb/2026 16:06:37] "GET /api/copilot/threads HTTP/1.1" 200 -
190.164.212.239 - - [12/Feb/2026 16:06:37] "GET /api/copilot/threads HTTP/1.1" 200 -
✅ Copilot SDK client initialized (using GitHub Copilot subscription)
   Note: Ensure copilot CLI is installed and authenticated
✅ Copilot SDK client initialized (using GitHub Copilot subscription)
   Note: Ensure copilot CLI is installed and authenticated
🔧 Registered tool: search_datasets
🔧 Registered tool: list_local_datasets
🔧 Registered tool: search_datasets
🔧 Registered tool: list_local_datasets
🔧 Registered tool: preview_data
🔧 Registered tool: preview_data🔧 Registered tool: download_owid

🔧 Registered tool: get_metadata
🔧 Registered tool: analyze_data🔧 Registered tool: download_owid
🔧 Registered tool: get_metadata

🔧 Registered tool: analyze_data
🔧 Registered tool: recommend_datasets
🔧 Registered tool: recommend_datasets🔧 Registered tool: semantic_search_datasets
🔧 Registered tool: run_sql_query
🔧 Registered tool: semantic_search_datasets
🔧 Registered tool: run_sql_query

🔧 Registered tool: fork_dataset
🔧 Registered tool: fork_dataset🔧 Registered tool: get_dataset_versions
🔧 Registered tool: get_dataset_versions
🔧 Registered tool: get_dataset_statistics

🔧 Registered tool: get_dataset_statistics
🔧 Registered tool: export_preview_csv
🔧 Registered tool: list_datasets_with_filters
🔧 Registered tool: export_preview_csv🔧 Registered tool: list_available_tools
✅ Registered 15 MCP tools
190.164.212.239 - - [12/Feb/2026 16:06:37] "GET /api/copilot/health HTTP/1.1" 200 -

🔧 Registered tool: list_datasets_with_filters
🔧 Registered tool: list_available_tools
✅ Registered 15 MCP tools
190.164.212.239 - - [12/Feb/2026 16:06:37] "GET /api/datasets?limit=100&latest=true HTTP/1.1" 200 -
✅ Copilot SDK client initialized (using GitHub Copilot subscription)
   Note: Ensure copilot CLI is installed and authenticated
🔧 Registered tool: search_datasets
🔧 Registered tool: list_local_datasets
🔧 Registered tool: preview_data
🔧 Registered tool: download_owid
🔧 Registered tool: get_metadata
🔧 Registered tool: analyze_data
🔧 Registered tool: recommend_datasets
🔧 Registered tool: semantic_search_datasets
🔧 Registered tool: run_sql_query
🔧 Registered tool: fork_dataset
🔧 Registered tool: get_dataset_versions
🔧 Registered tool: get_dataset_statistics
🔧 Registered tool: export_preview_csv
🔧 Registered tool: list_datasets_with_filters
🔧 Registered tool: list_available_tools
✅ Registered 15 MCP tools
190.164.212.239 - - [12/Feb/2026 16:06:38] "GET /api/copilot/health HTTP/1.1" 200 -
190.164.212.239 - - [12/Feb/2026 16:06:38] "GET /api/datasets?limit=100&latest=true HTTP/1.1" 200 -
✅ Loaded 14 models from Copilot SDK
190.164.212.239 - - [12/Feb/2026 16:06:40] "GET /api/copilot/models HTTP/1.1" 200 -
✅ Copilot SDK client initialized (using GitHub Copilot subscription)
   Note: Ensure copilot CLI is installed and authenticated
🔧 Registered tool: search_datasets
🔧 Registered tool: list_local_datasets
🔧 Registered tool: preview_data
🔧 Registered tool: download_owid
🔧 Registered tool: get_metadata
🔧 Registered tool: analyze_data
🔧 Registered tool: recommend_datasets
🔧 Registered tool: semantic_search_datasets
🔧 Registered tool: run_sql_query
🔧 Registered tool: fork_dataset
🔧 Registered tool: get_dataset_versions
🔧 Registered tool: get_dataset_statistics
🔧 Registered tool: export_preview_csv
🔧 Registered tool: list_datasets_with_filters
🔧 Registered tool: list_available_tools
✅ Registered 15 MCP tools
✅ Loaded 14 models from Copilot SDK
190.164.212.239 - - [12/Feb/2026 16:06:44] "GET /api/copilot/models HTTP/1.1" 200 -
190.164.212.239 - - [12/Feb/2026 16:06:49] "GET /browse_local HTTP/1.1" 200 -
190.164.212.239 - - [12/Feb/2026 16:06:50] "[36mGET /static/css/theme.css HTTP/1.1[0m" 304 -
190.164.212.239 - - [12/Feb/2026 16:06:50] "[36mGET /static/js/marked.min.js HTTP/1.1[0m" 304 -
190.164.212.239 - - [12/Feb/2026 16:06:50] "GET /api/datasets/statistics HTTP/1.1" 200 -
190.164.212.239 - - [12/Feb/2026 16:06:50] "GET /api/datasets HTTP/1.1" 200 -
Scanning 02_Datasets_Limpios for CSV files...
Found 25 CSV files
✅ Copilot SDK client initialized (using GitHub Copilot subscription)
   Note: Ensure copilot CLI is installed and authenticated
🔧 Registered tool: search_datasets
🔧 Registered tool: list_local_datasets
🔧 Registered tool: preview_data
🔧 Registered tool: download_owid
🔧 Registered tool: get_metadata
🔧 Registered tool: analyze_data
🔧 Registered tool: recommend_datasets
🔧 Registered tool: semantic_search_datasets
🔧 Registered tool: run_sql_query
🔧 Registered tool: fork_dataset
🔧 Registered tool: get_dataset_versions
🔧 Registered tool: get_dataset_statistics
🔧 Registered tool: export_preview_csv
🔧 Registered tool: list_datasets_with_filters
🔧 Registered tool: list_available_tools
✅ Registered 15 MCP tools
⚠️  Warning: Could not initialize Copilot SDK: There is no current event loop in thread 'Thread-48 (process_request_thread)'.
   Falling back to template-based metadata generation
✓ Generated metadata using template for general
✓ Saved metadata to 03_Metadata_y_Notas/general_owid_foreign-aid-given-net-flows-vs-grant-equivalents-line_global_2018_2024_20260212214139.md
✓ Generated metadata using template for general
✓ Saved metadata to 03_Metadata_y_Notas/general_owid_foreign-aid-received-as-a-share-of-national-income-net_global_2024_2024_20260212214139.md
✓ Generated metadata using template for general
✓ Saved metadata to 03_Metadata_y_Notas/general_owid_total-official-development-assistance-for-technical-cooperation_global_2023_2023_20260212214139.md
✓ Generated metadata using template for general
✓ Saved metadata to 03_Metadata_y_Notas/general_owid_foreign-aid-and-investments-received_global_2021_2021_20260212214139.md
✓ Generated metadata using template for general
✓ Saved metadata to 03_Metadata_y_Notas/general_owid_share-of-foreign-aid-spent-within-donor-countries_global_2010_2024_20260212214138.md
✓ Generated metadata using template for general
✓ Saved metadata to 03_Metadata_y_Notas/general_owid_foreign-aid-given-to-donor-countries-share_global_2024_2024_20260212214139.md
✓ Generated metadata using template for general
✓ Saved metadata to 03_Metadata_y_Notas/general_owid_foreign-aid-given-by-sector_global_1971_2024_20260212214138.md
✓ Generated metadata using template for general
✓ Saved metadata to 03_Metadata_y_Notas/general_owid_foreign-aid-and-investments-given_global_1960_2024_20260212214139.md
✓ Generated metadata using template for general
✓ Saved metadata to 03_Metadata_y_Notas/general_owid_government-vs-private-aid-by-donor_global_1970_2024_20260212214139.md
✓ Generated metadata using template for general
✓ Saved metadata to 03_Metadata_y_Notas/general_owid_personal-remittances-oda_global_1960_2024_20260212214138.md
✓ Generated metadata using template for general
✓ Saved metadata to 03_Metadata_y_Notas/general_owid_foreign-aid-given-to-donor-countries_global_2010_2024_20260212214139.md
✓ Generated metadata using template for general
✓ Saved metadata to 03_Metadata_y_Notas/general_owid_foreign-aid-given-net_global_1960_2024_20260212214139.md
✓ Generated metadata using template for general
✓ Saved metadata to 03_Metadata_y_Notas/general_owid_net-official-development-assistance-and-aid-received_global_2023_2023_20260212214139.md
✓ Generated metadata using template for general
✓ Saved metadata to 03_Metadata_y_Notas/general_owid_foreign-aid-given-as-grants-and-concessional-loans_global_1960_2024_20260212214139.md
✓ Generated metadata using template for general
✓ Saved metadata to 03_Metadata_y_Notas/general_owid_foreign-aid-given-per-capita_global_1960_2024_20260212214139.md
✓ Generated metadata using template for general
✓ Saved metadata to 03_Metadata_y_Notas/general_owid_foreign-aid-received-by-income-group_global_1960_2024_20260212214138.md
✓ Generated metadata using template for general
✓ Saved metadata to 03_Metadata_y_Notas/general_owid_total-oda-for-aid-for-trade-by-recipient_global_2023_2023_20260212214138.md
✓ Generated metadata using template for general
✓ Saved metadata to 03_Metadata_y_Notas/general_owid_total-oda-for-aid-for-trade-by-donor_global_2023_2023_20260212214139.md
✓ Generated metadata using template for general
✓ Saved metadata to 03_Metadata_y_Notas/general_owid_foreign-aid-received-net_global_2024_2024_20260212214138.md
✓ Generated metadata using template for general
✓ Saved metadata to 03_Metadata_y_Notas/general_owid_foreign-aid-given-to-least-developed-countries-as-a-share-of-donors-national-income_global_2000_2023_20260212214138.md
✓ Generated metadata using template for general
✓ Saved metadata to 03_Metadata_y_Notas/general_owid_amount-of-foreign-aid-spend-in-recipient-countries_global_2010_2024_20260212214138.md
✓ Generated metadata using template for general
✓ Saved metadata to 03_Metadata_y_Notas/general_owid_foreign-aid-given-as-a-share-of-national-income_global_1960_2024_20260212214138.md
✓ Generated metadata using template for general
✓ Saved metadata to 03_Metadata_y_Notas/general_owid_official-development-assistance-donor-bilateral-multilateral_global_1960_2024_20260212214138.md
✓ Generated metadata using template for general
✓ Saved metadata to 03_Metadata_y_Notas/general_owid_net-oda-to-medical-research_global_2023_2023_20260212214138.md
✓ Generated metadata using template for general
✓ Saved metadata to 03_Metadata_y_Notas/general_owid_oda-for-scholarships_global_2023_2023_20260212214138.md
190.164.212.239 - - [12/Feb/2026 16:06:53] "POST /api/datasets/refresh HTTP/1.1" 200 -
190.164.212.239 - - [12/Feb/2026 16:06:53] "GET /api/datasets/statistics HTTP/1.1" 200 -
190.164.212.239 - - [12/Feb/2026 16:06:53] "GET /api/datasets HTTP/1.1" 200 -
190.164.212.239 - - [12/Feb/2026 16:06:58] "GET /browse_local HTTP/1.1" 200 -
190.164.212.239 - - [12/Feb/2026 16:06:58] "[36mGET /static/css/theme.css HTTP/1.1[0m" 304 -
190.164.212.239 - - [12/Feb/2026 16:06:58] "[36mGET /static/js/marked.min.js HTTP/1.1[0m" 304 -
190.164.212.239 - - [12/Feb/2026 16:06:58] "GET /api/datasets/statistics HTTP/1.1" 200 -
190.164.212.239 - - [12/Feb/2026 16:06:58] "GET /api/datasets HTTP/1.1" 200 -
190.164.212.239 - - [12/Feb/2026 16:07:09] "GET /search HTTP/1.1" 200 -
190.164.212.239 - - [12/Feb/2026 16:07:09] "[36mGET /static/css/theme.css HTTP/1.1[0m" 304 -
190.164.212.239 - - [12/Feb/2026 16:07:09] "[36mGET /static/js/marked.min.js HTTP/1.1[0m" 304 -
✓ Found 100 results from OWID
190.164.212.239 - - [12/Feb/2026 16:07:11] "GET /api/search?q=20&source=owid&page=1&per_page=25 HTTP/1.1" 200 -
190.164.212.239 - - [12/Feb/2026 16:07:13] "GET /browse_local HTTP/1.1" 200 -
190.164.212.239 - - [12/Feb/2026 16:07:13] "[36mGET /static/css/theme.css HTTP/1.1[0m" 304 -
190.164.212.239 - - [12/Feb/2026 16:07:13] "[36mGET /static/js/marked.min.js HTTP/1.1[0m" 304 -
190.164.212.239 - - [12/Feb/2026 16:07:13] "GET /api/datasets/statistics HTTP/1.1" 200 -
190.164.212.239 - - [12/Feb/2026 16:07:13] "GET /api/datasets HTTP/1.1" 200 -
 * Detected change in '/opt/data-curator/src/utils/storage.py', reloading
 * Restarting with watchdog (inotify)

============================================================
🌐 Mises Data Curator - Web Interface
============================================================

Starting server at http://127.0.0.1:5000
Press CTRL+C to quit

 * Debugger is active!
 * Debugger PIN: 468-820-628
 * Detected change in '/opt/data-curator/src/cleaning.py', reloading
 * Restarting with watchdog (inotify)

============================================================
🌐 Mises Data Curator - Web Interface
============================================================

Starting server at http://127.0.0.1:5000
Press CTRL+C to quit

 * Debugger is active!
 * Debugger PIN: 468-820-628
 * Detected change in '/opt/data-curator/src/cli.py', reloading
 * Restarting with watchdog (inotify)

============================================================
🌐 Mises Data Curator - Web Interface
============================================================

Starting server at http://127.0.0.1:5000
Press CTRL+C to quit

 * Debugger is active!
 * Debugger PIN: 468-820-628
 * Detected change in '/opt/data-curator/src/cli.py', reloading
 * Restarting with watchdog (inotify)

============================================================
🌐 Mises Data Curator - Web Interface
============================================================

Starting server at http://127.0.0.1:5000
Press CTRL+C to quit

 * Debugger is active!
 * Debugger PIN: 468-820-628
 * Detected change in '/opt/data-curator/src/cli.py', reloading
 * Restarting with watchdog (inotify)

============================================================
🌐 Mises Data Curator - Web Interface
============================================================

Starting server at http://127.0.0.1:5000
Press CTRL+C to quit

 * Debugger is active!
 * Debugger PIN: 468-820-628
 * Detected change in '/opt/data-curator/src/cli.py', reloading
 * Restarting with watchdog (inotify)

============================================================
🌐 Mises Data Curator - Web Interface
============================================================

Starting server at http://127.0.0.1:5000
Press CTRL+C to quit

 * Debugger is active!
 * Debugger PIN: 468-820-628
 * Detected change in '/opt/data-curator/src/cli.py', reloading
 * Restarting with watchdog (inotify)

============================================================
🌐 Mises Data Curator - Web Interface
============================================================

Starting server at http://127.0.0.1:5000
Press CTRL+C to quit

 * Debugger is active!
 * Debugger PIN: 468-820-628
 * Detected change in '/opt/data-curator/src/cli.py', reloading
 * Restarting with watchdog (inotify)

============================================================
🌐 Mises Data Curator - Web Interface
============================================================

Starting server at http://127.0.0.1:5000
Press CTRL+C to quit

 * Debugger is active!
 * Debugger PIN: 468-820-628
 * Detected change in '/opt/data-curator/src/cli.py', reloading
 * Restarting with watchdog (inotify)

============================================================
🌐 Mises Data Curator - Web Interface
============================================================

Starting server at http://127.0.0.1:5000
Press CTRL+C to quit

 * Debugger is active!
 * Debugger PIN: 468-820-628
 * Detected change in '/opt/data-curator/src/copilot_tools.py', reloading
 * Restarting with watchdog (inotify)

============================================================
🌐 Mises Data Curator - Web Interface
============================================================

Starting server at http://127.0.0.1:5000
Press CTRL+C to quit

 * Debugger is active!
 * Debugger PIN: 468-820-628
 * Detected change in '/opt/data-curator/src/pipeline.py', reloading
 * Restarting with watchdog (inotify)

============================================================
🌐 Mises Data Curator - Web Interface
============================================================

Starting server at http://127.0.0.1:5000
Press CTRL+C to quit

 * Debugger is active!
 * Debugger PIN: 468-820-628
 * Detected change in '/opt/data-curator/src/pipeline.py', reloading
 * Restarting with watchdog (inotify)

============================================================
🌐 Mises Data Curator - Web Interface
============================================================

Starting server at http://127.0.0.1:5000
Press CTRL+C to quit

 * Debugger is active!
 * Debugger PIN: 468-820-628
 * Detected change in '/opt/data-curator/src/pipeline.py', reloading
 * Restarting with watchdog (inotify)

============================================================
🌐 Mises Data Curator - Web Interface
============================================================

Starting server at http://127.0.0.1:5000
Press CTRL+C to quit

 * Debugger is active!
 * Debugger PIN: 468-820-628
 * Detected change in '/opt/data-curator/src/pipeline.py', reloading
 * Restarting with watchdog (inotify)

============================================================
🌐 Mises Data Curator - Web Interface
============================================================

Starting server at http://127.0.0.1:5000
Press CTRL+C to quit

 * Debugger is active!
 * Debugger PIN: 468-820-628
 * Detected change in '/opt/data-curator/src/ai_chat.py', reloading
 * Restarting with watchdog (inotify)

============================================================
🌐 Mises Data Curator - Web Interface
============================================================

Starting server at http://127.0.0.1:5000
Press CTRL+C to quit

 * Debugger is active!
 * Debugger PIN: 468-820-628
 * Detected change in '/opt/data-curator/src/ai_chat.py', reloading
 * Restarting with watchdog (inotify)

============================================================
🌐 Mises Data Curator - Web Interface
============================================================

Starting server at http://127.0.0.1:5000
Press CTRL+C to quit

 * Debugger is active!
 * Debugger PIN: 468-820-628
 * Detected change in '/opt/data-curator/src/web/api/download.py', reloading
 * Restarting with watchdog (inotify)

============================================================
🌐 Mises Data Curator - Web Interface
============================================================

Starting server at http://127.0.0.1:5000
Press CTRL+C to quit

 * Debugger is active!
 * Debugger PIN: 468-820-628
 * Detected change in '/opt/data-curator/src/web/api/download.py', reloading
 * Restarting with watchdog (inotify)

============================================================
🌐 Mises Data Curator - Web Interface
============================================================

Starting server at http://127.0.0.1:5000
Press CTRL+C to quit

 * Debugger is active!
 * Debugger PIN: 468-820-628
 * Detected change in '/opt/data-curator/src/web/api/download.py', reloading
 * Restarting with watchdog (inotify)

============================================================
🌐 Mises Data Curator - Web Interface
============================================================

Starting server at http://127.0.0.1:5000
Press CTRL+C to quit

 * Debugger is active!
 * Debugger PIN: 468-820-628
 * Detected change in '/opt/data-curator/src/web/api/download.py', reloading
 * Restarting with watchdog (inotify)

============================================================
🌐 Mises Data Curator - Web Interface
============================================================

Starting server at http://127.0.0.1:5000
Press CTRL+C to quit

 * Debugger is active!
 * Debugger PIN: 468-820-628
 * Detected change in '/opt/data-curator/src/dataset_catalog.py', reloading
 * Restarting with watchdog (inotify)

============================================================
🌐 Mises Data Curator - Web Interface
============================================================

Starting server at http://127.0.0.1:5000
Press CTRL+C to quit

 * Debugger is active!
 * Debugger PIN: 468-820-628
 * Detected change in '/opt/data-curator/src/dataset_catalog.py', reloading
 * Restarting with watchdog (inotify)

============================================================
🌐 Mises Data Curator - Web Interface
============================================================

Starting server at http://127.0.0.1:5000
Press CTRL+C to quit

 * Debugger is active!
 * Debugger PIN: 468-820-628
 * Detected change in '/opt/data-curator/src/dataset_catalog.py', reloading
 * Restarting with watchdog (inotify)

============================================================
🌐 Mises Data Curator - Web Interface
============================================================

Starting server at http://127.0.0.1:5000
Press CTRL+C to quit

 * Debugger is active!
 * Debugger PIN: 468-820-628
 * Detected change in '/opt/data-curator/src/dataset_catalog.py', reloading
 * Restarting with watchdog (inotify)

============================================================
🌐 Mises Data Curator - Web Interface
============================================================

Starting server at http://127.0.0.1:5000
Press CTRL+C to quit

 * Debugger is active!
 * Debugger PIN: 468-820-628
 * Detected change in '/opt/data-curator/src/dataset_catalog.py', reloading
 * Restarting with watchdog (inotify)

============================================================
🌐 Mises Data Curator - Web Interface
============================================================

Starting server at http://127.0.0.1:5000
Press CTRL+C to quit

 * Debugger is active!
 * Debugger PIN: 468-820-628
 * Detected change in '/opt/data-curator/src/dataset_catalog.py', reloading
 * Restarting with watchdog (inotify)

============================================================
🌐 Mises Data Curator - Web Interface
============================================================

Starting server at http://127.0.0.1:5000
Press CTRL+C to quit

 * Debugger is active!
 * Debugger PIN: 468-820-628
 * Detected change in '/opt/data-curator/src/dataset_catalog.py', reloading
 * Restarting with watchdog (inotify)

============================================================
🌐 Mises Data Curator - Web Interface
============================================================

Starting server at http://127.0.0.1:5000
Press CTRL+C to quit

 * Debugger is active!
 * Debugger PIN: 468-820-628
 * Detected change in '/opt/data-curator/src/dataset_catalog.py', reloading
 * Restarting with watchdog (inotify)

============================================================
🌐 Mises Data Curator - Web Interface
============================================================

Starting server at http://127.0.0.1:5000
Press CTRL+C to quit

 * Debugger is active!
 * Debugger PIN: 468-820-628
 * Detected change in '/opt/data-curator/src/copilot_tools.py', reloading
 * Restarting with watchdog (inotify)

============================================================
🌐 Mises Data Curator - Web Interface
============================================================

Starting server at http://127.0.0.1:5000
Press CTRL+C to quit

 * Debugger is active!
 * Debugger PIN: 468-820-628
 * Detected change in '/opt/data-curator/src/web/api/datasets.py', reloading
 * Restarting with watchdog (inotify)

============================================================
🌐 Mises Data Curator - Web Interface
============================================================

Starting server at http://127.0.0.1:5000
Press CTRL+C to quit

 * Debugger is active!
 * Debugger PIN: 468-820-628
 * Detected change in '/opt/data-curator/src/web/api/datasets.py', reloading
 * Detected change in '/opt/data-curator/src/web/api/datasets.py', reloading
 * Detected change in '/opt/data-curator/src/web/api/datasets.py', reloading
 * Restarting with watchdog (inotify)

============================================================
🌐 Mises Data Curator - Web Interface
============================================================

Starting server at http://127.0.0.1:5000
Press CTRL+C to quit

 * Debugger is active!
 * Debugger PIN: 468-820-628
190.164.212.239 - - [12/Feb/2026 17:54:32] "GET /browse_local HTTP/1.1" 200 -
190.164.212.239 - - [12/Feb/2026 17:54:33] "[36mGET /static/js/marked.min.js HTTP/1.1[0m" 304 -
190.164.212.239 - - [12/Feb/2026 17:54:33] "[36mGET /static/css/theme.css HTTP/1.1[0m" 304 -
190.164.212.239 - - [12/Feb/2026 17:54:33] "GET /api/datasets/statistics HTTP/1.1" 200 -
190.164.212.239 - - [12/Feb/2026 17:54:33] "GET /api/datasets HTTP/1.1" 200 -
Scanning 02_Datasets_Limpios for CSV files...
Found 25 CSV files
✅ Copilot SDK client initialized (using GitHub Copilot subscription)
   Note: Ensure copilot CLI is installed and authenticated
🔧 Registered tool: search_datasets
🔧 Registered tool: list_local_datasets
🔧 Registered tool: preview_data
🔧 Registered tool: download_owid
🔧 Registered tool: get_metadata
🔧 Registered tool: analyze_data
🔧 Registered tool: recommend_datasets
🔧 Registered tool: semantic_search_datasets
🔧 Registered tool: run_sql_query
🔧 Registered tool: fork_dataset
🔧 Registered tool: get_dataset_versions
🔧 Registered tool: get_dataset_statistics
🔧 Registered tool: export_preview_csv
🔧 Registered tool: list_datasets_with_filters
🔧 Registered tool: list_available_tools
✅ Registered 15 MCP tools
⚠️  Warning: Could not initialize Copilot SDK: There is no current event loop in thread 'Thread-14 (process_request_thread)'.
   Falling back to template-based metadata generation
✓ Generated metadata using template for general
✓ Saved metadata to 03_Metadata_y_Notas/general_owid_foreign-aid-given-net-flows-vs-grant-equivalents-line_global_2018_2024_20260212214139.md
✓ Generated metadata using template for general
✓ Saved metadata to 03_Metadata_y_Notas/general_owid_foreign-aid-received-as-a-share-of-national-income-net_global_2024_2024_20260212214139.md
✓ Generated metadata using template for general
✓ Saved metadata to 03_Metadata_y_Notas/general_owid_total-official-development-assistance-for-technical-cooperation_global_2023_2023_20260212214139.md
✓ Generated metadata using template for general
✓ Saved metadata to 03_Metadata_y_Notas/general_owid_foreign-aid-and-investments-received_global_2021_2021_20260212214139.md
✓ Generated metadata using template for general
✓ Saved metadata to 03_Metadata_y_Notas/general_owid_share-of-foreign-aid-spent-within-donor-countries_global_2010_2024_20260212214138.md
✓ Generated metadata using template for general
✓ Saved metadata to 03_Metadata_y_Notas/general_owid_foreign-aid-given-to-donor-countries-share_global_2024_2024_20260212214139.md
✓ Generated metadata using template for general
✓ Saved metadata to 03_Metadata_y_Notas/general_owid_foreign-aid-given-by-sector_global_1971_2024_20260212214138.md
✓ Generated metadata using template for general
✓ Saved metadata to 03_Metadata_y_Notas/general_owid_foreign-aid-and-investments-given_global_1960_2024_20260212214139.md
✓ Generated metadata using template for general
✓ Saved metadata to 03_Metadata_y_Notas/general_owid_government-vs-private-aid-by-donor_global_1970_2024_20260212214139.md
✓ Generated metadata using template for general
✓ Saved metadata to 03_Metadata_y_Notas/general_owid_personal-remittances-oda_global_1960_2024_20260212214138.md
✓ Generated metadata using template for general
✓ Saved metadata to 03_Metadata_y_Notas/general_owid_foreign-aid-given-to-donor-countries_global_2010_2024_20260212214139.md
✓ Generated metadata using template for general
✓ Saved metadata to 03_Metadata_y_Notas/general_owid_foreign-aid-given-net_global_1960_2024_20260212214139.md
✓ Generated metadata using template for general
✓ Saved metadata to 03_Metadata_y_Notas/general_owid_net-official-development-assistance-and-aid-received_global_2023_2023_20260212214139.md
✓ Generated metadata using template for general
✓ Saved metadata to 03_Metadata_y_Notas/general_owid_foreign-aid-given-as-grants-and-concessional-loans_global_1960_2024_20260212214139.md
✓ Generated metadata using template for general
✓ Saved metadata to 03_Metadata_y_Notas/general_owid_foreign-aid-given-per-capita_global_1960_2024_20260212214139.md
✓ Generated metadata using template for general
✓ Saved metadata to 03_Metadata_y_Notas/general_owid_foreign-aid-received-by-income-group_global_1960_2024_20260212214138.md
✓ Generated metadata using template for general
✓ Saved metadata to 03_Metadata_y_Notas/general_owid_total-oda-for-aid-for-trade-by-recipient_global_2023_2023_20260212214138.md
✓ Generated metadata using template for general
✓ Saved metadata to 03_Metadata_y_Notas/general_owid_total-oda-for-aid-for-trade-by-donor_global_2023_2023_20260212214139.md
✓ Generated metadata using template for general
✓ Saved metadata to 03_Metadata_y_Notas/general_owid_foreign-aid-received-net_global_2024_2024_20260212214138.md
✓ Generated metadata using template for general
✓ Saved metadata to 03_Metadata_y_Notas/general_owid_foreign-aid-given-to-least-developed-countries-as-a-share-of-donors-national-income_global_2000_2023_20260212214138.md
✓ Generated metadata using template for general
✓ Saved metadata to 03_Metadata_y_Notas/general_owid_amount-of-foreign-aid-spend-in-recipient-countries_global_2010_2024_20260212214138.md
✓ Generated metadata using template for general
✓ Saved metadata to 03_Metadata_y_Notas/general_owid_foreign-aid-given-as-a-share-of-national-income_global_1960_2024_20260212214138.md
✓ Generated metadata using template for general
✓ Saved metadata to 03_Metadata_y_Notas/general_owid_official-development-assistance-donor-bilateral-multilateral_global_1960_2024_20260212214138.md
✓ Generated metadata using template for general
✓ Saved metadata to 03_Metadata_y_Notas/general_owid_net-oda-to-medical-research_global_2023_2023_20260212214138.md
✓ Generated metadata using template for general
✓ Saved metadata to 03_Metadata_y_Notas/general_owid_oda-for-scholarships_global_2023_2023_20260212214138.md
190.164.212.239 - - [12/Feb/2026 17:54:36] "POST /api/datasets/refresh HTTP/1.1" 200 -
190.164.212.239 - - [12/Feb/2026 17:54:36] "GET /api/datasets/statistics HTTP/1.1" 200 -
190.164.212.239 - - [12/Feb/2026 17:54:36] "GET /api/datasets HTTP/1.1" 200 -
190.164.212.239 - - [12/Feb/2026 17:54:38] "GET /search HTTP/1.1" 200 -
190.164.212.239 - - [12/Feb/2026 17:54:38] "[36mGET /static/css/theme.css HTTP/1.1[0m" 304 -
190.164.212.239 - - [12/Feb/2026 17:54:38] "[36mGET /static/js/marked.min.js HTTP/1.1[0m" 304 -
✓ Found 100 results from OWID
190.164.212.239 - - [12/Feb/2026 17:54:39] "GET /browse_local HTTP/1.1" 200 -
190.164.212.239 - - [12/Feb/2026 17:54:39] "[36mGET /static/css/theme.css HTTP/1.1[0m" 304 -
190.164.212.239 - - [12/Feb/2026 17:54:39] "[36mGET /static/js/marked.min.js HTTP/1.1[0m" 304 -
190.164.212.239 - - [12/Feb/2026 17:54:39] "GET /api/search?q=20&source=owid&page=1&per_page=25 HTTP/1.1" 200 -
190.164.212.239 - - [12/Feb/2026 17:54:39] "GET /api/datasets/statistics HTTP/1.1" 200 -
190.164.212.239 - - [12/Feb/2026 17:54:39] "GET /api/datasets HTTP/1.1" 200 -
Scanning 02_Datasets_Limpios for CSV files...
Found 25 CSV files
✅ Copilot SDK client initialized (using GitHub Copilot subscription)
   Note: Ensure copilot CLI is installed and authenticated
🔧 Registered tool: search_datasets
🔧 Registered tool: list_local_datasets
🔧 Registered tool: preview_data
🔧 Registered tool: download_owid
🔧 Registered tool: get_metadata
🔧 Registered tool: analyze_data
🔧 Registered tool: recommend_datasets
🔧 Registered tool: semantic_search_datasets
🔧 Registered tool: run_sql_query
🔧 Registered tool: fork_dataset
🔧 Registered tool: get_dataset_versions
🔧 Registered tool: get_dataset_statistics
🔧 Registered tool: export_preview_csv
🔧 Registered tool: list_datasets_with_filters
🔧 Registered tool: list_available_tools
✅ Registered 15 MCP tools
⚠️  Warning: Could not initialize Copilot SDK: There is no current event loop in thread 'Thread-26 (process_request_thread)'.
   Falling back to template-based metadata generation
✓ Generated metadata using template for general
✓ Saved metadata to 03_Metadata_y_Notas/general_owid_foreign-aid-given-net-flows-vs-grant-equivalents-line_global_2018_2024_20260212214139.md
✓ Generated metadata using template for general
✓ Saved metadata to 03_Metadata_y_Notas/general_owid_foreign-aid-received-as-a-share-of-national-income-net_global_2024_2024_20260212214139.md
✓ Generated metadata using template for general
✓ Saved metadata to 03_Metadata_y_Notas/general_owid_total-official-development-assistance-for-technical-cooperation_global_2023_2023_20260212214139.md
✓ Generated metadata using template for general
✓ Saved metadata to 03_Metadata_y_Notas/general_owid_foreign-aid-and-investments-received_global_2021_2021_20260212214139.md
✓ Generated metadata using template for general
✓ Saved metadata to 03_Metadata_y_Notas/general_owid_share-of-foreign-aid-spent-within-donor-countries_global_2010_2024_20260212214138.md
✓ Generated metadata using template for general
✓ Saved metadata to 03_Metadata_y_Notas/general_owid_foreign-aid-given-to-donor-countries-share_global_2024_2024_20260212214139.md
✓ Generated metadata using template for general
✓ Saved metadata to 03_Metadata_y_Notas/general_owid_foreign-aid-given-by-sector_global_1971_2024_20260212214138.md
✓ Generated metadata using template for general
✓ Saved metadata to 03_Metadata_y_Notas/general_owid_foreign-aid-and-investments-given_global_1960_2024_20260212214139.md
✓ Generated metadata using template for general
✓ Saved metadata to 03_Metadata_y_Notas/general_owid_government-vs-private-aid-by-donor_global_1970_2024_20260212214139.md
✓ Generated metadata using template for general
✓ Saved metadata to 03_Metadata_y_Notas/general_owid_personal-remittances-oda_global_1960_2024_20260212214138.md
✓ Generated metadata using template for general
✓ Saved metadata to 03_Metadata_y_Notas/general_owid_foreign-aid-given-to-donor-countries_global_2010_2024_20260212214139.md
✓ Generated metadata using template for general
✓ Saved metadata to 03_Metadata_y_Notas/general_owid_foreign-aid-given-net_global_1960_2024_20260212214139.md
✓ Generated metadata using template for general
✓ Saved metadata to 03_Metadata_y_Notas/general_owid_net-official-development-assistance-and-aid-received_global_2023_2023_20260212214139.md
✓ Generated metadata using template for general
✓ Saved metadata to 03_Metadata_y_Notas/general_owid_foreign-aid-given-as-grants-and-concessional-loans_global_1960_2024_20260212214139.md
✓ Generated metadata using template for general
✓ Saved metadata to 03_Metadata_y_Notas/general_owid_foreign-aid-given-per-capita_global_1960_2024_20260212214139.md
✓ Generated metadata using template for general
✓ Saved metadata to 03_Metadata_y_Notas/general_owid_foreign-aid-received-by-income-group_global_1960_2024_20260212214138.md
✓ Generated metadata using template for general
✓ Saved metadata to 03_Metadata_y_Notas/general_owid_total-oda-for-aid-for-trade-by-recipient_global_2023_2023_20260212214138.md
✓ Generated metadata using template for general
✓ Saved metadata to 03_Metadata_y_Notas/general_owid_total-oda-for-aid-for-trade-by-donor_global_2023_2023_20260212214139.md
✓ Generated metadata using template for general
✓ Saved metadata to 03_Metadata_y_Notas/general_owid_foreign-aid-received-net_global_2024_2024_20260212214138.md
✓ Generated metadata using template for general
✓ Saved metadata to 03_Metadata_y_Notas/general_owid_foreign-aid-given-to-least-developed-countries-as-a-share-of-donors-national-income_global_2000_2023_20260212214138.md
✓ Generated metadata using template for general
✓ Saved metadata to 03_Metadata_y_Notas/general_owid_amount-of-foreign-aid-spend-in-recipient-countries_global_2010_2024_20260212214138.md
✓ Generated metadata using template for general
✓ Saved metadata to 03_Metadata_y_Notas/general_owid_foreign-aid-given-as-a-share-of-national-income_global_1960_2024_20260212214138.md
✓ Generated metadata using template for general
✓ Saved metadata to 03_Metadata_y_Notas/general_owid_official-development-assistance-donor-bilateral-multilateral_global_1960_2024_20260212214138.md
✓ Generated metadata using template for general
✓ Saved metadata to 03_Metadata_y_Notas/general_owid_net-oda-to-medical-research_global_2023_2023_20260212214138.md
✓ Generated metadata using template for general
✓ Saved metadata to 03_Metadata_y_Notas/general_owid_oda-for-scholarships_global_2023_2023_20260212214138.md
190.164.212.239 - - [12/Feb/2026 17:54:42] "POST /api/datasets/refresh HTTP/1.1" 200 -
190.164.212.239 - - [12/Feb/2026 17:54:42] "GET /api/datasets/statistics HTTP/1.1" 200 -
190.164.212.239 - - [12/Feb/2026 17:54:42] "GET /api/datasets HTTP/1.1" 200 -
190.164.212.239 - - [12/Feb/2026 17:55:08] "GET /search HTTP/1.1" 200 -
190.164.212.239 - - [12/Feb/2026 17:55:08] "[36mGET /static/css/theme.css HTTP/1.1[0m" 304 -
190.164.212.239 - - [12/Feb/2026 17:55:08] "[36mGET /static/js/marked.min.js HTTP/1.1[0m" 304 -
✓ Found 100 results from OWID
190.164.212.239 - - [12/Feb/2026 17:55:09] "GET /api/search?q=20&source=owid&page=1&per_page=25 HTTP/1.1" 200 -
✓ Found 100 results from OWID
190.164.212.239 - - [12/Feb/2026 17:55:13] "GET /api/search?q=PIB&source=owid&page=1&per_page=25 HTTP/1.1" 200 -
[2026-02-12 17:55:19] INFO in ingestion: Fetching from OWID: tax-revenues-as-a-share-of-gdp-unu-wider
[2026-02-12 17:55:19] INFO in ingestion: Fetching from OWID: gdp-per-capita-worldbank
[2026-02-12 17:55:19] INFO in ingestion: Fetching from OWID: gdp-per-capita-worldbank
[2026-02-12 17:55:19] INFO in ingestion: Fetching from OWID: trade-as-share-of-gdp
[2026-02-12 17:55:19] INFO in ingestion: Fetching from OWID: historical-gov-spending-gdp
[2026-02-12 17:55:19] INFO in ingestion: Fetching from OWID: military-spending-as-a-share-of-gdp-sipri
[2026-02-12 17:55:20] INFO in ingestion: Fetching from OWID: total-healthcare-expenditure-gdp
[2026-02-12 17:55:20] INFO in ingestion: Fetching from OWID: share-agreeing-most-people-can-be-trusted-vs-gdp-per-capita
[2026-02-12 17:55:20] INFO in ingestion: Fetching from OWID: gdp-per-capita-maddison-project-database
[2026-02-12 17:55:20] INFO in ingestion: Fetching from OWID: agriculture-share-gdp
[2026-02-12 17:55:20] INFO in ingestion: Fetching from OWID: gdp-vs-happiness
[2026-02-12 17:55:20] INFO in ingestion: Fetching from OWID: social-spending-oecd-longrun
[2026-02-12 17:55:20] INFO in ingestion: Fetching from OWID: research-spending-gdp
[2026-02-12 17:55:20] INFO in ingestion: Fetching from OWID: tourism-gdp-proportion-of-total-gdp
[2026-02-12 17:55:20] INFO in ingestion: Fetching from OWID: access-to-clean-fuels-for-cooking-vs-gdp-per-capita
[2026-02-12 17:55:20] INFO in ingestion: Fetching from OWID: gdp-worldbank
[2026-02-12 17:55:20] INFO in ingestion: Fetching from OWID: pm25-exposure-gdp
[2026-02-12 17:55:20] INFO in ingestion: Fetching from OWID: merchandise-exports-gdp-cepii
[2026-02-12 17:55:20] INFO in ingestion: Fetching from OWID: global-gdp-over-the-long-run
[2026-02-12 17:55:20] INFO in ingestion: Saved raw data to 01_Raw_Data_Bank/OWID/historical-gov-spending-gdp_20260212_175520.csv
[2026-02-12 17:55:20] INFO in ingestion: Retrieved 149 records from OWID
[2026-02-12 17:55:20] INFO in ingestion:   Columns: country, country_code, year, Government expenditure (% of GDP), Government expenditure (% of GDP) (Original Year)...
[2026-02-12 17:55:20] INFO in ingestion: Saved raw data to 01_Raw_Data_Bank/OWID/tax-revenues-as-a-share-of-gdp-unu-wider_20260212_175520.csv
[2026-02-12 17:55:20] INFO in ingestion: Saved raw data to 01_Raw_Data_Bank/OWID/gdp-per-capita-worldbank_20260212_175520.csv
[2026-02-12 17:55:20] INFO in ingestion: Retrieved 189 records from OWID
[2026-02-12 17:55:20] INFO in ingestion:   Columns: country, country_code, year, GDP per capita, World region according to OWID...
[2026-02-12 17:55:20] INFO in ingestion: Retrieved 172 records from OWID
[2026-02-12 17:55:21] INFO in ingestion: Fetching from OWID: literacy-rate-vs-gdp-per-capita
[2026-02-12 17:55:21] INFO in ingestion: Saved raw data to 01_Raw_Data_Bank/OWID/military-spending-as-a-share-of-gdp-sipri_20260212_175520.csv
/opt/data-curator/.venv/lib/python3.11/site-packages/pandera/_pandas_deprecated.py:146: FutureWarning: Importing pandas-specific classes and functions from the
top-level pandera module will be **removed in a future version of pandera**.
If you're using pandera to validate pandas objects, we highly recommend updating
your import:

```
# old import
import pandera as pa

# new import
import pandera.pandas as pa
```

If you're using pandera to validate objects from other compatible libraries
like pyspark or polars, see the supported libraries section of the documentation
for more information on how to import pandera:

https://pandera.readthedocs.io/en/stable/supported_libraries.html

To disable this warning, set the environment variable:

```
export DISABLE_PANDERA_IMPORT_WARNING=True
```

  warnings.warn(_future_warning, FutureWarning)
/opt/data-curator/.venv/lib/python3.11/site-packages/pandera/_pandas_deprecated.py:146: FutureWarning: Importing pandas-specific classes and functions from the
top-level pandera module will be **removed in a future version of pandera**.
If you're using pandera to validate pandas objects, we highly recommend updating
your import:

```
# old import
import pandera as pa

# new import
import pandera.pandas as pa
```

If you're using pandera to validate objects from other compatible libraries
like pyspark or polars, see the supported libraries section of the documentation
for more information on how to import pandera:

https://pandera.readthedocs.io/en/stable/supported_libraries.html

To disable this warning, set the environment variable:

```
export DISABLE_PANDERA_IMPORT_WARNING=True
```

  warnings.warn(_future_warning, FutureWarning)
[2026-02-12 17:55:21] INFO in ingestion:   Columns: country, country_code, year, Taxes including social contributions, World region according to OWID...
[2026-02-12 17:55:21] INFO in ingestion: Saved raw data to 01_Raw_Data_Bank/OWID/gdp-per-capita-worldbank_20260212_175520.csv
[2026-02-12 17:55:21] INFO in ingestion: Fetching from OWID: military-spending-as-a-share-of-gdp-gmsd
[2026-02-12 17:55:21] INFO in ingestion: Fetching from OWID: tax-revenues-vs-gdp-per-capita
[2026-02-12 17:55:21] INFO in ingestion: Retrieved 154 records from OWID
[2026-02-12 17:55:21] INFO in ingestion: Fetching from OWID: incidence-of-child-labour-vs-gdp-per-capita
[2026-02-12 17:55:21] INFO in ingestion: Fetching from OWID: maternal-mortality-ratio-vs-gdp-per-capita
[2026-02-12 17:55:21] INFO in ingestion: Saved raw data to 01_Raw_Data_Bank/OWID/agriculture-share-gdp_20260212_175521.csv
[2026-02-12 17:55:21] INFO in ingestion: Retrieved 188 records from OWID
[2026-02-12 17:55:21] INFO in ingestion:   Columns: country, country_code, year, Agriculture, forestry, and fishing, value added (% of GDP), Agriculture, forestry, and fishing, value added (% of GDP) (Original Year)...
[2026-02-12 17:55:21] INFO in ingestion: Saved raw data to 01_Raw_Data_Bank/OWID/total-healthcare-expenditure-gdp_20260212_175521.csv
[2026-02-12 17:55:21] INFO in ingestion: Retrieved 192 records from OWID
[2026-02-12 17:55:21] INFO in ingestion:   Columns: country, country_code, year, Current health expenditure (CHE) as percentage of gross domestic product (GDP) (%), Current health expenditure (CHE) as percentage of gross domestic product (GDP) (%) (Original Year)...
[2026-02-12 17:55:21] INFO in ingestion: Saved raw data to 01_Raw_Data_Bank/OWID/tourism-gdp-proportion-of-total-gdp_20260212_175521.csv
[2026-02-12 17:55:21] INFO in ingestion: Retrieved 110 records from OWID
[2026-02-12 17:55:21] INFO in ingestion:   Columns: country, country_code, year, Tourism contribution to GDP, Tourism contribution to GDP (Original Year)...
[2026-02-12 17:55:21] INFO in ingestion: Retrieved 189 records from OWID
[2026-02-12 17:55:21] INFO in ingestion: Fetching from OWID: merchandise-imports-as-a-share-of-countrys-gdp
[2026-02-12 17:55:21] INFO in ingestion:   Columns: country, country_code, year, Military expenditure (% of GDP), World region according to OWID...
[2026-02-12 17:55:21] INFO in ingestion: Saved raw data to 01_Raw_Data_Bank/OWID/gdp-vs-happiness_20260212_175521.csv
[2026-02-12 17:55:21] INFO in ingestion: Saved raw data to 01_Raw_Data_Bank/OWID/research-spending-gdp_20260212_175521.csv
[2026-02-12 17:55:21] INFO in ingestion: Retrieved 107 records from OWID
[2026-02-12 17:55:21] INFO in ingestion:   Columns: country, country_code, year, Research and development expenditure (% of GDP), Research and development expenditure (% of GDP) (Original Year)...
[2026-02-12 17:55:21] INFO in ingestion: Saved raw data to 01_Raw_Data_Bank/OWID/gdp-worldbank_20260212_175521.csv
[2026-02-12 17:55:21] INFO in ingestion: Saved raw data to 01_Raw_Data_Bank/OWID/social-spending-oecd-longrun_20260212_175521.csv
[2026-02-12 17:55:21] INFO in ingestion:   Columns: country, country_code, year, GDP per capita, World region according to OWID...
[2026-02-12 17:55:21] INFO in ingestion: Retrieved 151 records from OWID
[2026-02-12 17:55:21] INFO in ingestion: Retrieved 189 records from OWID
[2026-02-12 17:55:21] INFO in ingestion: Retrieved 751 records from OWID
[2026-02-12 17:55:21] INFO in ingestion: Saved raw data to 01_Raw_Data_Bank/OWID/share-agreeing-most-people-can-be-trusted-vs-gdp-per-capita_20260212_175521.csv
[2026-02-12 17:55:21] INFO in ingestion: Saved raw data to 01_Raw_Data_Bank/OWID/trade-as-share-of-gdp_20260212_175521.csv
[2026-02-12 17:55:21] INFO in ingestion:   Columns: country, country_code, year, Life satisfaction, GDP per capita...
[2026-02-12 17:55:21] INFO in ingestion:   Columns: country, country_code, year, GDP, GDP (Original Year)...
[2026-02-12 17:55:21] INFO in ingestion:   Columns: country, country_code, year, Public social expenditure as a share of GDP...
[2026-02-12 17:55:21] INFO in ingestion: Retrieved 107 records from OWID
[2026-02-12 17:55:21] INFO in ingestion: Retrieved 167 records from OWID
[2026-02-12 17:55:21] INFO in ingestion:   Columns: country, country_code, year, Share agreeing "Most people can be trusted", GDP per capita...
[2026-02-12 17:55:21] INFO in ingestion: Saved raw data to 01_Raw_Data_Bank/OWID/global-gdp-over-the-long-run_20260212_175521.csv
[2026-02-12 17:55:21] INFO in ingestion:   Columns: country, country_code, year, Trade (% of GDP), Trade (% of GDP) (Original Year)...
[2026-02-12 17:55:21] INFO in ingestion: Retrieved 50 records from OWID
[2026-02-12 17:55:21] INFO in ingestion:   Columns: country, country_code, year, GDP...
[2026-02-12 17:55:21] INFO in ingestion: Saved raw data to 01_Raw_Data_Bank/OWID/merchandise-exports-gdp-cepii_20260212_175521.csv
[2026-02-12 17:55:21] INFO in ingestion: Retrieved 650 records from OWID
[2026-02-12 17:55:21] INFO in ingestion:   Columns: country, country_code, year, Value of global merchandise exports as a share of GDP (Fouquin and Hugot; CEPII 2016; National data)...
[2026-02-12 17:55:21] INFO in ingestion: Saved raw data to 01_Raw_Data_Bank/OWID/pm25-exposure-gdp_20260212_175521.csv
[2026-02-12 17:55:21] INFO in ingestion: Retrieved 203 records from OWID
[2026-02-12 17:55:21] INFO in ingestion:   Columns: country, country_code, year, PM2.5 pollution (mean annual exposure), GDP per capita...
[2026-02-12 17:55:21] INFO in ingestion: Saved raw data to 01_Raw_Data_Bank/OWID/access-to-clean-fuels-for-cooking-vs-gdp-per-capita_20260212_175521.csv
[2026-02-12 17:55:21] INFO in ingestion: Retrieved 181 records from OWID
[2026-02-12 17:55:21] INFO in ingestion:   Columns: country, country_code, year, Access to clean fuels and technologies for cooking, GDP per capita...
Schema validation warning: expected series 'Population' to have type float64, got int64
Schema validation warning: expected series 'GDP per capita (Original Year)' to have type float64, got Int64
✓ Saved cleaned dataset to 02_Datasets_Limpios/fsanmartin/general/0e8f48370b2e4525abd19920a170fa2d.csv
Schema validation warning: expected series 'Taxes including social contributions (Original Year)' to have type float64, got Int64✓ Saved cleaned dataset to 02_Datasets_Limpios/fsanmartin/gdp/a72fbd387e2b414ead66510e4a301bdd.csv✅ Copilot SDK client initialized (using GitHub Copilot subscription)
   Note: Ensure copilot CLI is installed and authenticated
🔧 Registered tool: search_datasets
🔧 Registered tool: list_local_datasets

[2026-02-12 17:55:21] INFO in ingestion: Saved raw data to 01_Raw_Data_Bank/OWID/maternal-mortality-ratio-vs-gdp-per-capita_20260212_175521.csv
[2026-02-12 17:55:21] INFO in ingestion: Retrieved 179 records from OWID
[2026-02-12 17:55:21] INFO in ingestion:   Columns: country, country_code, year, Estimated maternal mortality ratio, GDP per capita...

✅ Copilot SDK client initialized (using GitHub Copilot subscription)Schema validation warning: expected series 'Government expenditure (% of GDP) (Original Year)' to have type float64, got Int64
Schema validation warning: expected series 'Current health expenditure (CHE) as percentage of gross domestic product (GDP) (%) (Original Year)' to have type float64, got Int64🔧 Registered tool: preview_data

   Note: Ensure copilot CLI is installed and authenticated

🔧 Registered tool: search_datasets[2026-02-12 17:55:21] INFO in ingestion: Saved raw data to 01_Raw_Data_Bank/OWID/merchandise-imports-as-a-share-of-countrys-gdp_20260212_175521.csv

🔧 Registered tool: list_local_datasets[2026-02-12 17:55:21] INFO in ingestion: Retrieved 176 records from OWID
🔧 Registered tool: download_owid
[2026-02-12 17:55:21] INFO in ingestion:   Columns: country, country_code, year, Total imports as a share of GDP...

🔧 Registered tool: preview_data🔧 Registered tool: get_metadata
🔧 Registered tool: download_owid
🔧 Registered tool: get_metadata
✓ Saved cleaned dataset to 02_Datasets_Limpios/fsanmartin/general/60e6c5963a1d4fa384fbc30252d2b7e6.csv
🔧 Registered tool: analyze_data

🔧 Registered tool: recommend_datasets
🔧 Registered tool: semantic_search_datasets
🔧 Registered tool: analyze_data
🔧 Registered tool: run_sql_query✓ Saved cleaned dataset to 02_Datasets_Limpios/fsanmartin/general/43b7154c462a487fa8feb8a872c1b31f.csv

✅ Copilot SDK client initialized (using GitHub Copilot subscription)✅ Copilot SDK client initialized (using GitHub Copilot subscription)
🔧 Registered tool: fork_dataset   Note: Ensure copilot CLI is installed and authenticated🔧 Registered tool: recommend_datasets


🔧 Registered tool: semantic_search_datasets
🔧 Registered tool: run_sql_query
🔧 Registered tool: fork_dataset

✓ Saved cleaned dataset to 02_Datasets_Limpios/fsanmartin/general/d00b27582a5e47cc8a111df00f4480b0.csv🔧 Registered tool: get_dataset_versions
[2026-02-12 17:55:21] INFO in ingestion: Saved raw data to 01_Raw_Data_Bank/OWID/gdp-per-capita-maddison-project-database_20260212_175521.csv
[2026-02-12 17:55:21] INFO in ingestion: Retrieved 164 records from OWID
[2026-02-12 17:55:21] INFO in ingestion:   Columns: country, country_code, year, GDP per capita...
🔧 Registered tool: get_dataset_statistics🔧 Registered tool: get_dataset_versionsSchema validation warning: expected series 'Agriculture, forestry, and fishing, value added (% of GDP) (Original Year)' to have type float64, got Int64
🔧 Registered tool: export_preview_csv
🔧 Registered tool: list_datasets_with_filters
🔧 Registered tool: list_available_tools
✅ Registered 15 MCP tools


🔧 Registered tool: search_datasets🔧 Registered tool: get_dataset_statistics


🔧 Registered tool: export_preview_csv⚠️  Warning: Could not initialize Copilot SDK: There is no current event loop in thread 'Thread-43 (process_request_thread)'.
   Falling back to template-based metadata generation🔧 Registered tool: list_local_datasets
✅ Copilot SDK client initialized (using GitHub Copilot subscription)

   Note: Ensure copilot CLI is installed and authenticated[2026-02-12 17:55:21] INFO in ingestion: Fetching OWID metadata: share-agreeing-most-people-can-be-trusted-vs-gdp-per-capita
   Note: Ensure copilot CLI is installed and authenticated
🔧 Registered tool: search_datasets

🔧 Registered tool: list_datasets_with_filters
🔧 Registered tool: list_available_tools🔧 Registered tool: list_local_datasets🔧 Registered tool: preview_data
✅ Registered 15 MCP tools
⚠️  Warning: Could not initialize Copilot SDK: There is no current event loop in thread 'Thread-34 (process_request_thread)'.

🔧 Registered tool: download_owid
   Falling back to template-based metadata generation
[2026-02-12 17:55:21] INFO in ingestion: Fetching OWID metadata: gdp-per-capita-worldbank
Schema validation warning: expected series 'Research and development expenditure (% of GDP) (Original Year)' to have type float64, got Int64🔧 Registered tool: preview_data
Schema validation warning: expected series 'Military expenditure (% of GDP) (Original Year)' to have type float64, got Int64


✓ Saved cleaned dataset to 02_Datasets_Limpios/fsanmartin/general/3822d4e925ce4369b6627f0ae6b9d678.csv
🔧 Registered tool: get_metadata🔧 Registered tool: download_owid✓ Saved cleaned dataset to 02_Datasets_Limpios/fsanmartin/general/3b6aa94f8ef44a678051a6a768e4643f.csv
🔧 Registered tool: get_metadata
🔧 Registered tool: analyze_data
🔧 Registered tool: analyze_data
🔧 Registered tool: recommend_datasets
🔧 Registered tool: semantic_search_datasets


✅ Copilot SDK client initialized (using GitHub Copilot subscription)✓ Saved cleaned dataset to 02_Datasets_Limpios/fsanmartin/general/e1c382a7514448b08517e732baefda68.csv
🔧 Registered tool: search_datasets
✅ Copilot SDK client initialized (using GitHub Copilot subscription)

🔧 Registered tool: run_sql_query✅ Copilot SDK client initialized (using GitHub Copilot subscription)
   Note: Ensure copilot CLI is installed and authenticated
🔧 Registered tool: list_local_datasets
🔧 Registered tool: search_datasets
Schema validation warning: expected series 'GDP per capita (Original Year)' to have type float64, got Int64
   Note: Ensure copilot CLI is installed and authenticated   Note: Ensure copilot CLI is installed and authenticated
Schema validation warning: expected series 'Tourism contribution to GDP (Original Year)' to have type float64, got Int64
🔧 Registered tool: recommend_datasets
🔧 Registered tool: preview_data
🔧 Registered tool: download_owid

🔧 Registered tool: semantic_search_datasets
🔧 Registered tool: run_sql_query
🔧 Registered tool: fork_dataset
🔧 Registered tool: get_metadata

🔧 Registered tool: get_dataset_versions🔧 Registered tool: list_local_datasets
🔧 Registered tool: fork_dataset🔧 Registered tool: search_datasets🔧 Registered tool: search_datasets
🔧 Registered tool: list_local_datasets

🔧 Registered tool: preview_data

✓ Saved cleaned dataset to 02_Datasets_Limpios/fsanmartin/general/8f7644aaef174beba0fe2a8db450d9aa.csv🔧 Registered tool: download_owid
🔧 Registered tool: analyze_data
🔧 Registered tool: recommend_datasets

Schema validation warning: expected series 'GDP' to have type float64, got int64

✅ Copilot SDK client initialized (using GitHub Copilot subscription)🔧 Registered tool: semantic_search_datasets
🔧 Registered tool: preview_data✓ Saved cleaned dataset to 02_Datasets_Limpios/fsanmartin/general/9d6d2e565a12401b949a340c4ac5cea4.csv
✅ Copilot SDK client initialized (using GitHub Copilot subscription)🔧 Registered tool: run_sql_query
🔧 Registered tool: fork_dataset
🔧 Registered tool: get_dataset_versions


   Note: Ensure copilot CLI is installed and authenticated

🔧 Registered tool: get_dataset_statistics
🔧 Registered tool: export_preview_csv🔧 Registered tool: list_local_datasets
🔧 Registered tool: get_dataset_versions


🔧 Registered tool: get_dataset_statistics🔧 Registered tool: list_datasets_with_filters
🔧 Registered tool: list_available_tools   Note: Ensure copilot CLI is installed and authenticated
🔧 Registered tool: search_datasets
🔧 Registered tool: list_local_datasets🔧 Registered tool: get_metadata
🔧 Registered tool: get_dataset_statistics🔧 Registered tool: preview_data
🔧 Registered tool: export_preview_csv
🔧 Registered tool: list_datasets_with_filters
🔧 Registered tool: search_datasets
🔧 Registered tool: preview_data
🔧 Registered tool: list_available_tools
🔧 Registered tool: analyze_data
🔧 Registered tool: recommend_datasets
🔧 Registered tool: download_owid
🔧 Registered tool: download_owid
🔧 Registered tool: export_preview_csv

🔧 Registered tool: list_local_datasets
🔧 Registered tool: preview_data
🔧 Registered tool: download_owid
Schema validation warning: expected series 'GDP per capita (Original Year)' to have type float64, got Int64
✅ Registered 15 MCP tools
⚠️  Warning: Could not initialize Copilot SDK: There is no current event loop in thread 'Thread-40 (process_request_thread)'.
   Falling back to template-based metadata generation🔧 Registered tool: get_metadata
✅ Registered 15 MCP tools
✓ Saved cleaned dataset to 02_Datasets_Limpios/fsanmartin/general/5ed49af066274057937e7d0d476c6349.csv
🔧 Registered tool: semantic_search_datasets🔧 Registered tool: list_datasets_with_filters
Schema validation warning: expected series 'Trade (% of GDP) (Original Year)' to have type float64, got Int64
🔧 Registered tool: get_metadata
🔧 Registered tool: analyze_data
🔧 Registered tool: recommend_datasets
🔧 Registered tool: analyze_data
🔧 Registered tool: list_available_tools
🔧 Registered tool: get_metadata
🔧 Registered tool: download_owid
🔧 Registered tool: recommend_datasets
🔧 Registered tool: semantic_search_datasets

🔧 Registered tool: analyze_data
🔧 Registered tool: recommend_datasets
🔧 Registered tool: semantic_search_datasets
🔧 Registered tool: run_sql_query
🔧 Registered tool: fork_dataset
🔧 Registered tool: semantic_search_datasets✓ Saved cleaned dataset to 02_Datasets_Limpios/fsanmartin/general/8acde9bc3a0d4fd1ace8c76a57952d4b.csv

✅ Registered 15 MCP tools
🔧 Registered tool: run_sql_query
🔧 Registered tool: fork_dataset✅ Copilot SDK client initialized (using GitHub Copilot subscription)
   Note: Ensure copilot CLI is installed and authenticated

🔧 Registered tool: get_dataset_versions⚠️  Warning: Could not initialize Copilot SDK: There is no current event loop in thread 'Thread-38 (process_request_thread)'.
🔧 Registered tool: run_sql_query
🔧 Registered tool: fork_dataset
🔧 Registered tool: get_dataset_versions[2026-02-12 17:55:22] INFO in ingestion: Fetching OWID metadata: total-healthcare-expenditure-gdp
🔧 Registered tool: run_sql_query
🔧 Registered tool: fork_dataset


🔧 Registered tool: get_dataset_statistics
✅ Copilot SDK client initialized (using GitHub Copilot subscription)🔧 Registered tool: get_dataset_versions


🔧 Registered tool: export_preview_csv
🔧 Registered tool: list_datasets_with_filters
🔧 Registered tool: list_available_tools


🔧 Registered tool: get_dataset_statistics
🔧 Registered tool: get_dataset_versions
🔧 Registered tool: get_dataset_statistics✅ Registered 15 MCP tools
⚠️  Warning: Could not initialize Copilot SDK: There is no current event loop in thread 'Thread-39 (process_request_thread)'.
   Falling back to template-based metadata generation✓ Saved cleaned dataset to 02_Datasets_Limpios/fsanmartin/general/fd9b80148f42438b9b015afc98730a68.csv⚠️  Warning: Could not initialize Copilot SDK: There is no current event loop in thread 'Thread-37 (process_request_thread)'.
   Falling back to template-based metadata generation
[2026-02-12 17:55:22] INFO in ingestion: Fetching OWID metadata: tax-revenues-as-a-share-of-gdp-unu-wider

   Falling back to template-based metadata generation
[2026-02-12 17:55:22] INFO in ingestion: Fetching OWID metadata: historical-gov-spending-gdp

🔧 Registered tool: get_metadata   Note: Ensure copilot CLI is installed and authenticated

🔧 Registered tool: search_datasets
🔧 Registered tool: search_datasets
🔧 Registered tool: list_local_datasets
🔧 Registered tool: export_preview_csv🔧 Registered tool: get_dataset_statistics🔧 Registered tool: list_local_datasets
🔧 Registered tool: preview_data
🔧 Registered tool: download_owid🔧 Registered tool: export_preview_csv
✅ Copilot SDK client initialized (using GitHub Copilot subscription)🔧 Registered tool: analyze_data
🔧 Registered tool: recommend_datasets
🔧 Registered tool: semantic_search_datasets
🔧 Registered tool: run_sql_query
[2026-02-12 17:55:22] INFO in ingestion: Fetching OWID metadata: military-spending-as-a-share-of-gdp-sipri


   Note: Ensure copilot CLI is installed and authenticated
🔧 Registered tool: fork_dataset
✓ Saved cleaned dataset to 02_Datasets_Limpios/fsanmartin/general/1cf85a46a33f48df9980518f8b6be5eb.csv


🔧 Registered tool: preview_data🔧 Registered tool: search_datasets
🔧 Registered tool: list_local_datasets
🔧 Registered tool: get_dataset_versions
🔧 Registered tool: get_dataset_statistics
🔧 Registered tool: export_preview_csv🔧 Registered tool: export_preview_csv🔧 Registered tool: download_owid

🔧 Registered tool: get_metadata
🔧 Registered tool: analyze_data
🔧 Registered tool: preview_data


🔧 Registered tool: get_metadata✓ Saved cleaned dataset to 02_Datasets_Limpios/fsanmartin/general/8cba2a7be30e47a5b5c7ffa0c1de2b5f.csv🔧 Registered tool: list_datasets_with_filters
🔧 Registered tool: list_datasets_with_filters

✅ Copilot SDK client initialized (using GitHub Copilot subscription)
🔧 Registered tool: download_owid🔧 Registered tool: list_available_tools🔧 Registered tool: analyze_data
🔧 Registered tool: recommend_datasets
🔧 Registered tool: semantic_search_datasets

🔧 Registered tool: list_datasets_with_filters   Note: Ensure copilot CLI is installed and authenticated🔧 Registered tool: list_datasets_with_filters


🔧 Registered tool: list_available_tools
✅ Registered 15 MCP tools
⚠️  Warning: Could not initialize Copilot SDK: There is no current event loop in thread 'Thread-45 (process_request_thread)'.
   Falling back to template-based metadata generation
[2026-02-12 17:55:22] INFO in ingestion: Fetching OWID metadata: research-spending-gdp
✅ Registered 15 MCP tools

🔧 Registered tool: recommend_datasets
🔧 Registered tool: semantic_search_datasets
🔧 Registered tool: run_sql_query
🔧 Registered tool: fork_dataset
🔧 Registered tool: get_dataset_versions
🔧 Registered tool: get_dataset_statistics
🔧 Registered tool: export_preview_csv

🔧 Registered tool: list_available_tools🔧 Registered tool: list_datasets_with_filters

🔧 Registered tool: get_metadata⚠️  Warning: Could not initialize Copilot SDK: There is no current event loop in thread 'Thread-46 (process_request_thread)'.✅ Registered 15 MCP tools
⚠️  Warning: Could not initialize Copilot SDK: There is no current event loop in thread 'Thread-42 (process_request_thread)'.
   Falling back to template-based metadata generation
[2026-02-12 17:55:22] INFO in ingestion: Fetching OWID metadata: agriculture-share-gdp


🔧 Registered tool: analyze_data
🔧 Registered tool: recommend_datasets
🔧 Registered tool: semantic_search_datasets
🔧 Registered tool: run_sql_query
🔧 Registered tool: fork_dataset
🔧 Registered tool: get_dataset_versions
🔧 Registered tool: list_available_tools
✅ Registered 15 MCP tools
⚠️  Warning: Could not initialize Copilot SDK: There is no current event loop in thread 'Thread-48 (process_request_thread)'.
   Falling back to template-based metadata generation
[2026-02-12 17:55:22] INFO in ingestion: Fetching OWID metadata: tourism-gdp-proportion-of-total-gdp

🔧 Registered tool: run_sql_query🔧 Registered tool: search_datasets

🔧 Registered tool: get_dataset_statistics
🔧 Registered tool: export_preview_csv
🔧 Registered tool: list_datasets_with_filters
🔧 Registered tool: list_available_tools
   Falling back to template-based metadata generation✅ Registered 15 MCP tools
⚠️  Warning: Could not initialize Copilot SDK: There is no current event loop in thread 'Thread-36 (process_request_thread)'.
🔧 Registered tool: list_available_tools🔧 Registered tool: list_local_datasets
✅ Registered 15 MCP tools
✅ Copilot SDK client initialized (using GitHub Copilot subscription)
   Note: Ensure copilot CLI is installed and authenticated

[2026-02-12 17:55:22] INFO in ingestion: Fetching OWID metadata: gdp-vs-happiness

   Falling back to template-based metadata generation🔧 Registered tool: preview_data🔧 Registered tool: fork_dataset

🔧 Registered tool: download_owid
🔧 Registered tool: search_datasets
🔧 Registered tool: list_local_datasets


⚠️  Warning: Could not initialize Copilot SDK: There is no current event loop in thread 'Thread-50 (process_request_thread)'.
🔧 Registered tool: get_metadata   Falling back to template-based metadata generation
[2026-02-12 17:55:22] INFO in ingestion: Fetching OWID metadata: merchandise-exports-gdp-cepii
🔧 Registered tool: get_dataset_versions
🔧 Registered tool: get_dataset_statistics[2026-02-12 17:55:22] INFO in ingestion: Fetching OWID metadata: trade-as-share-of-gdp
🔧 Registered tool: preview_data
🔧 Registered tool: download_owid
🔧 Registered tool: analyze_data
🔧 Registered tool: recommend_datasets
🔧 Registered tool: semantic_search_datasets
🔧 Registered tool: get_metadata
🔧 Registered tool: export_preview_csv
🔧 Registered tool: list_datasets_with_filters
🔧 Registered tool: list_available_tools
✅ Registered 15 MCP tools
⚠️  Warning: Could not initialize Copilot SDK: There is no current event loop in thread 'Thread-44 (process_request_thread)'.
   Falling back to template-based metadata generation
[2026-02-12 17:55:22] INFO in ingestion: Fetching OWID metadata: social-spending-oecd-longrun


🔧 Registered tool: analyze_data
🔧 Registered tool: run_sql_query
🔧 Registered tool: fork_dataset
🔧 Registered tool: recommend_datasets🔧 Registered tool: get_dataset_versions
🔧 Registered tool: get_dataset_statistics
🔧 Registered tool: export_preview_csv

🔧 Registered tool: semantic_search_datasets
🔧 Registered tool: run_sql_query🔧 Registered tool: list_datasets_with_filters
🔧 Registered tool: list_available_tools
✅ Registered 15 MCP tools
⚠️  Warning: Could not initialize Copilot SDK: There is no current event loop in thread 'Thread-49 (process_request_thread)'.

🔧 Registered tool: fork_dataset
🔧 Registered tool: get_dataset_versions
🔧 Registered tool: get_dataset_statistics
🔧 Registered tool: export_preview_csv
🔧 Registered tool: list_datasets_with_filters
🔧 Registered tool: list_available_tools
✅ Registered 15 MCP tools
⚠️  Warning: Could not initialize Copilot SDK: There is no current event loop in thread 'Thread-35 (process_request_thread)'.
   Falling back to template-based metadata generation
[2026-02-12 17:55:22] INFO in ingestion: Fetching OWID metadata: gdp-per-capita-worldbank
[2026-02-12 17:55:22] INFO in ingestion: Saved raw data to 01_Raw_Data_Bank/OWID/military-spending-as-a-share-of-gdp-gmsd_20260212_175522.csv
   Falling back to template-based metadata generation[2026-02-12 17:55:22] INFO in ingestion: Retrieved 1485 records from OWID
[2026-02-12 17:55:22] INFO in ingestion:   Columns: country, country_code, year, Military expenditure (% of GDP), World region according to OWID...
[2026-02-12 17:55:22] INFO in ingestion: Saved raw data to 01_Raw_Data_Bank/OWID/tax-revenues-vs-gdp-per-capita_20260212_175522.csv

[2026-02-12 17:55:22] INFO in ingestion: Fetching OWID metadata: gdp-worldbank
[2026-02-12 17:55:22] INFO in ingestion: Retrieved 173 records from OWID
[2026-02-12 17:55:22] INFO in ingestion:   Columns: country, country_code, year, Tax revenues (% of GDP), GDP per capita...
[2026-02-12 17:55:22] INFO in ingestion: Retrieved metadata for total-healthcare-expenditure-gdp
✓ Saved metadata to 03_Metadata_y_Notas/d00b27582a5e47cc8a111df00f4480b0.md
[2026-02-12 17:55:22] INFO in ingestion: Saved raw data to 01_Raw_Data_Bank/OWID/incidence-of-child-labour-vs-gdp-per-capita_20260212_175522.csv
[2026-02-12 17:55:22] INFO in ingestion: Retrieved 60 records from OWID
[2026-02-12 17:55:22] INFO in ingestion:   Columns: country, country_code, year, Children in employment, GDP per capita...
[2026-02-12 17:55:22] INFO in download: AI package created: 4 files
[2026-02-12 17:55:22] INFO in ingestion: Retrieved metadata for gdp-per-capita-worldbank
[2026-02-12 17:55:22] INFO in ingestion: Saved raw data to 01_Raw_Data_Bank/OWID/literacy-rate-vs-gdp-per-capita_20260212_175522.csv
[2026-02-12 17:55:22] INFO in ingestion: Retrieved 88 records from OWID
[2026-02-12 17:55:22] INFO in ingestion:   Columns: country, country_code, year, Adult literacy rate, GDP per capita...
[2026-02-12 17:55:22] INFO in ingestion: Retrieved metadata for historical-gov-spending-gdp
✓ Saved metadata to 03_Metadata_y_Notas/43b7154c462a487fa8feb8a872c1b31f.md
✓ Saved metadata to 03_Metadata_y_Notas/a72fbd387e2b414ead66510e4a301bdd.md
✓ Indexed: d00b27582a5e47cc8a111df00f4480b0.csv
[2026-02-12 17:55:22] INFO in download: Indexed dataset: 02_Datasets_Limpios/fsanmartin/general/d00b27582a5e47cc8a111df00f4480b0.csv
190.164.212.239 - - [12/Feb/2026 17:55:22] "POST /api/download/start HTTP/1.1" 200 -
[2026-02-12 17:55:22] INFO in ingestion: Retrieved metadata for social-spending-oecd-longrun
✓ Saved metadata to 03_Metadata_y_Notas/8acde9bc3a0d4fd1ace8c76a57952d4b.md
Schema validation warning: expected series 'GDP' to have type float64, got int64
[2026-02-12 17:55:22] INFO in download: AI package created: 4 files
✓ Saved cleaned dataset to 02_Datasets_Limpios/fsanmartin/general/48f0608377b34b55a030cfe365f9de29.csv
[2026-02-12 17:55:22] INFO in download: AI package created: 4 files
✅ Copilot SDK client initialized (using GitHub Copilot subscription)
   Note: Ensure copilot CLI is installed and authenticated
🔧 Registered tool: search_datasets
🔧 Registered tool: list_local_datasets
🔧 Registered tool: preview_data
🔧 Registered tool: download_owid
🔧 Registered tool: get_metadata
🔧 Registered tool: analyze_data
🔧 Registered tool: recommend_datasets
🔧 Registered tool: semantic_search_datasets
🔧 Registered tool: run_sql_query
🔧 Registered tool: fork_dataset
🔧 Registered tool: get_dataset_versions
🔧 Registered tool: get_dataset_statistics
🔧 Registered tool: export_preview_csv
🔧 Registered tool: list_datasets_with_filters
🔧 Registered tool: list_available_tools
✅ Registered 15 MCP tools
⚠️  Warning: Could not initialize Copilot SDK: There is no current event loop in thread 'Thread-52 (process_request_thread)'.
   Falling back to template-based metadata generation
[2026-02-12 17:55:22] INFO in ingestion: Fetching OWID metadata: global-gdp-over-the-long-run
[2026-02-12 17:55:22] INFO in download: AI package created: 4 files
[2026-02-12 17:55:22] INFO in ingestion: Retrieved metadata for gdp-worldbank
✓ Saved metadata to 03_Metadata_y_Notas/1cf85a46a33f48df9980518f8b6be5eb.md
✓ Indexed: a72fbd387e2b414ead66510e4a301bdd.csv
[2026-02-12 17:55:22] INFO in download: Indexed dataset: 02_Datasets_Limpios/fsanmartin/gdp/a72fbd387e2b414ead66510e4a301bdd.csv
190.164.212.239 - - [12/Feb/2026 17:55:22] "POST /api/download/start HTTP/1.1" 200 -
[2026-02-12 17:55:22] INFO in download: AI package created: 4 files
Error extracting metadata from 02_Datasets_Limpios/fsanmartin/general/8acde9bc3a0d4fd1ace8c76a57952d4b.csv: invalid literal for int() with base 10: '1970-01-01 00:00:00.000001880'
✓ Indexed: 43b7154c462a487fa8feb8a872c1b31f.csv
[2026-02-12 17:55:22] INFO in download: Indexed dataset: 02_Datasets_Limpios/fsanmartin/general/43b7154c462a487fa8feb8a872c1b31f.csv
190.164.212.239 - - [12/Feb/2026 17:55:22] "POST /api/download/start HTTP/1.1" 200 -
✓ Saved cleaned dataset to 02_Datasets_Limpios/fsanmartin/general/d6620e9914f040a5a7b0314e734cc214.csv
✅ Copilot SDK client initialized (using GitHub Copilot subscription)
[2026-02-12 17:55:22] INFO in ingestion: Retrieved metadata for agriculture-share-gdp
   Note: Ensure copilot CLI is installed and authenticated
🔧 Registered tool: search_datasets✓ Indexed: 8acde9bc3a0d4fd1ace8c76a57952d4b.csv

[2026-02-12 17:55:23] INFO in ingestion: Retrieved metadata for gdp-per-capita-worldbank
🔧 Registered tool: list_local_datasets[2026-02-12 17:55:23] INFO in download: Indexed dataset: 02_Datasets_Limpios/fsanmartin/general/8acde9bc3a0d4fd1ace8c76a57952d4b.csv
190.164.212.239 - - [12/Feb/2026 17:55:23] "POST /api/download/start HTTP/1.1" 200 -

[2026-02-12 17:55:23] INFO in ingestion: Retrieved metadata for research-spending-gdp
✓ Saved metadata to 03_Metadata_y_Notas/3822d4e925ce4369b6627f0ae6b9d678.md
🔧 Registered tool: preview_data
🔧 Registered tool: download_owid
✓ Saved metadata to 03_Metadata_y_Notas/8cba2a7be30e47a5b5c7ffa0c1de2b5f.md🔧 Registered tool: get_metadata
✓ Saved metadata to 03_Metadata_y_Notas/e1c382a7514448b08517e732baefda68.md
🔧 Registered tool: analyze_data
🔧 Registered tool: recommend_datasets

🔧 Registered tool: semantic_search_datasets
🔧 Registered tool: run_sql_query
[2026-02-12 17:55:23] INFO in ingestion: Retrieved metadata for tax-revenues-as-a-share-of-gdp-unu-wider
🔧 Registered tool: fork_dataset
🔧 Registered tool: get_dataset_versions[2026-02-12 17:55:23] INFO in ingestion: Retrieved metadata for gdp-vs-happiness

🔧 Registered tool: get_dataset_statistics
🔧 Registered tool: export_preview_csv
🔧 Registered tool: list_datasets_with_filters
🔧 Registered tool: list_available_tools
✓ Saved metadata to 03_Metadata_y_Notas/60e6c5963a1d4fa384fbc30252d2b7e6.md✓ Saved metadata to 03_Metadata_y_Notas/8f7644aaef174beba0fe2a8db450d9aa.md

✅ Registered 15 MCP tools
⚠️  Warning: Could not initialize Copilot SDK: There is no current event loop in thread 'Thread-51 (process_request_thread)'.
[2026-02-12 17:55:23] INFO in download: AI package created: 4 files
   Falling back to template-based metadata generation
[2026-02-12 17:55:23] INFO in ingestion: Fetching OWID metadata: pm25-exposure-gdp
[2026-02-12 17:55:23] INFO in download: AI package created: 4 files
Schema validation warning: expected series 'Population' to have type float64, got int64
[2026-02-12 17:55:23] INFO in ingestion: Retrieved metadata for trade-as-share-of-gdp
[2026-02-12 17:55:23] INFO in ingestion: Retrieved metadata for global-gdp-over-the-long-run
✓ Saved metadata to 03_Metadata_y_Notas/fd9b80148f42438b9b015afc98730a68.md
✓ Saved cleaned dataset to 02_Datasets_Limpios/fsanmartin/general/1cde4c186f4e4b1ab5cc6c8dba078a81.csv
✅ Copilot SDK client initialized (using GitHub Copilot subscription)
✓ Saved metadata to 03_Metadata_y_Notas/48f0608377b34b55a030cfe365f9de29.md   Note: Ensure copilot CLI is installed and authenticated
🔧 Registered tool: search_datasets✓ Saved cleaned dataset to 02_Datasets_Limpios/fsanmartin/general/7429beb20d874a619a9fb26bab58c1bf.csv

[2026-02-12 17:55:23] INFO in download: AI package created: 4 files
🔧 Registered tool: list_local_datasets

🔧 Registered tool: preview_data
🔧 Registered tool: download_owid✅ Copilot SDK client initialized (using GitHub Copilot subscription)
   Note: Ensure copilot CLI is installed and authenticated

🔧 Registered tool: get_metadata🔧 Registered tool: search_datasets
🔧 Registered tool: analyze_data
🔧 Registered tool: recommend_datasets
🔧 Registered tool: semantic_search_datasets
🔧 Registered tool: run_sql_query
🔧 Registered tool: fork_dataset
🔧 Registered tool: get_dataset_versions

🔧 Registered tool: get_dataset_statistics🔧 Registered tool: list_local_datasets
🔧 Registered tool: preview_data
🔧 Registered tool: download_owid
🔧 Registered tool: get_metadata
🔧 Registered tool: export_preview_csv
🔧 Registered tool: list_datasets_with_filters
🔧 Registered tool: list_available_tools
✅ Registered 15 MCP tools
⚠️  Warning: Could not initialize Copilot SDK: There is no current event loop in thread 'Thread-47 (process_request_thread)'.

🔧 Registered tool: analyze_data
   Falling back to template-based metadata generation🔧 Registered tool: recommend_datasets

[2026-02-12 17:55:23] INFO in ingestion: Fetching OWID metadata: access-to-clean-fuels-for-cooking-vs-gdp-per-capita
🔧 Registered tool: semantic_search_datasets
🔧 Registered tool: run_sql_query[2026-02-12 17:55:23] INFO in download: AI package created: 4 files
[2026-02-12 17:55:23] INFO in ingestion: Retrieved metadata for share-agreeing-most-people-can-be-trusted-vs-gdp-per-capita
[2026-02-12 17:55:23] INFO in download: AI package created: 4 files

🔧 Registered tool: fork_dataset
🔧 Registered tool: get_dataset_versions
🔧 Registered tool: get_dataset_statistics
🔧 Registered tool: export_preview_csv
🔧 Registered tool: list_datasets_with_filters✓ Saved metadata to 03_Metadata_y_Notas/0e8f48370b2e4525abd19920a170fa2d.md

🔧 Registered tool: list_available_tools
✅ Registered 15 MCP tools
⚠️  Warning: Could not initialize Copilot SDK: There is no current event loop in thread 'Thread-55 (process_request_thread)'.
   Falling back to template-based metadata generation
[2026-02-12 17:55:23] INFO in ingestion: Fetching OWID metadata: maternal-mortality-ratio-vs-gdp-per-capita
✓ Indexed: 3822d4e925ce4369b6627f0ae6b9d678.csv
[2026-02-12 17:55:23] INFO in download: AI package created: 4 files
[2026-02-12 17:55:23] INFO in download: Indexed dataset: 02_Datasets_Limpios/fsanmartin/general/3822d4e925ce4369b6627f0ae6b9d678.csv
190.164.212.239 - - [12/Feb/2026 17:55:23] "POST /api/download/start HTTP/1.1" 200 -
[2026-02-12 17:55:23] INFO in download: AI package created: 4 files
[2026-02-12 17:55:23] INFO in download: AI package created: 4 files
✓ Indexed: e1c382a7514448b08517e732baefda68.csv
[2026-02-12 17:55:23] INFO in download: Indexed dataset: 02_Datasets_Limpios/fsanmartin/general/e1c382a7514448b08517e732baefda68.csv
190.164.212.239 - - [12/Feb/2026 17:55:23] "POST /api/download/start HTTP/1.1" 200 -
✓ Indexed: 1cf85a46a33f48df9980518f8b6be5eb.csv
[2026-02-12 17:55:23] INFO in download: Indexed dataset: 02_Datasets_Limpios/fsanmartin/general/1cf85a46a33f48df9980518f8b6be5eb.csv
190.164.212.239 - - [12/Feb/2026 17:55:23] "POST /api/download/start HTTP/1.1" 200 -
✓ Indexed: 8cba2a7be30e47a5b5c7ffa0c1de2b5f.csv
[2026-02-12 17:55:23] INFO in download: Indexed dataset: 02_Datasets_Limpios/fsanmartin/general/8cba2a7be30e47a5b5c7ffa0c1de2b5f.csv
190.164.212.239 - - [12/Feb/2026 17:55:23] "POST /api/download/start HTTP/1.1" 200 -
✓ Saved cleaned dataset to 02_Datasets_Limpios/fsanmartin/general/2459f88506db4380841d2904d50efa79.csv
✅ Copilot SDK client initialized (using GitHub Copilot subscription)
[2026-02-12 17:55:23] INFO in ingestion: Retrieved metadata for pm25-exposure-gdp
   Note: Ensure copilot CLI is installed and authenticated
✓ Saved metadata to 03_Metadata_y_Notas/d6620e9914f040a5a7b0314e734cc214.md
🔧 Registered tool: search_datasets
✓ Indexed: 8f7644aaef174beba0fe2a8db450d9aa.csv✓ Saved cleaned dataset to 02_Datasets_Limpios/fsanmartin/general/1d345bb2ed10498ea7a37c4040e45bd3.csv🔧 Registered tool: list_local_datasets


✅ Copilot SDK client initialized (using GitHub Copilot subscription)
   Note: Ensure copilot CLI is installed and authenticated🔧 Registered tool: preview_data
[2026-02-12 17:55:23] INFO in download: Indexed dataset: 02_Datasets_Limpios/fsanmartin/general/8f7644aaef174beba0fe2a8db450d9aa.csv
190.164.212.239 - - [12/Feb/2026 17:55:23] "POST /api/download/start HTTP/1.1" 200 -
🔧 Registered tool: download_owid

🔧 Registered tool: get_metadata
🔧 Registered tool: analyze_data🔧 Registered tool: search_datasets

🔧 Registered tool: recommend_datasets
🔧 Registered tool: list_local_datasets🔧 Registered tool: semantic_search_datasets
🔧 Registered tool: preview_data
🔧 Registered tool: download_owid
🔧 Registered tool: run_sql_query

✓ Indexed: fd9b80148f42438b9b015afc98730a68.csv
🔧 Registered tool: fork_dataset
🔧 Registered tool: get_dataset_versions🔧 Registered tool: get_metadata
🔧 Registered tool: analyze_data
Error extracting metadata from 02_Datasets_Limpios/fsanmartin/general/48f0608377b34b55a030cfe365f9de29.csv: invalid literal for int() with base 10: '1970-01-01 00:00:00.000000001'
🔧 Registered tool: recommend_datasets🔧 Registered tool: get_dataset_statistics


[2026-02-12 17:55:23] INFO in download: Indexed dataset: 02_Datasets_Limpios/fsanmartin/general/fd9b80148f42438b9b015afc98730a68.csv
🔧 Registered tool: semantic_search_datasets
🔧 Registered tool: run_sql_query🔧 Registered tool: export_preview_csv
🔧 Registered tool: fork_dataset
🔧 Registered tool: get_dataset_versions190.164.212.239 - - [12/Feb/2026 17:55:23] "POST /api/download/start HTTP/1.1" 200 -


🔧 Registered tool: get_dataset_statistics🔧 Registered tool: list_datasets_with_filters
🔧 Registered tool: list_available_tools
✅ Registered 15 MCP tools

🔧 Registered tool: export_preview_csv
🔧 Registered tool: list_datasets_with_filters
🔧 Registered tool: list_available_tools
✅ Registered 15 MCP tools
⚠️  Warning: Could not initialize Copilot SDK: There is no current event loop in thread 'Thread-41 (process_request_thread)'.
   Falling back to template-based metadata generation
[2026-02-12 17:55:23] INFO in ingestion: Fetching OWID metadata: gdp-per-capita-maddison-project-database
⚠️  Warning: Could not initialize Copilot SDK: There is no current event loop in thread 'Thread-58 (process_request_thread)'.
   Falling back to template-based metadata generation
[2026-02-12 17:55:23] INFO in ingestion: Fetching OWID metadata: merchandise-imports-as-a-share-of-countrys-gdp
[2026-02-12 17:55:23] INFO in download: AI package created: 4 files
✓ Indexed: 0e8f48370b2e4525abd19920a170fa2d.csv
[2026-02-12 17:55:23] INFO in download: Indexed dataset: 02_Datasets_Limpios/fsanmartin/general/0e8f48370b2e4525abd19920a170fa2d.csv
190.164.212.239 - - [12/Feb/2026 17:55:23] "POST /api/download/start HTTP/1.1" 200 -
✓ Indexed: 48f0608377b34b55a030cfe365f9de29.csv
[2026-02-12 17:55:23] INFO in download: Indexed dataset: 02_Datasets_Limpios/fsanmartin/general/48f0608377b34b55a030cfe365f9de29.csv
190.164.212.239 - - [12/Feb/2026 17:55:23] "POST /api/download/start HTTP/1.1" 200 -
Schema validation warning: expected series 'Population' to have type float64, got int64✓ Indexed: 60e6c5963a1d4fa384fbc30252d2b7e6.csv

✓ Saved cleaned dataset to 02_Datasets_Limpios/fsanmartin/general/8e8037aee50f4f20bd2480c40ef94402.csv[2026-02-12 17:55:23] INFO in download: Indexed dataset: 02_Datasets_Limpios/fsanmartin/general/60e6c5963a1d4fa384fbc30252d2b7e6.csv
190.164.212.239 - - [12/Feb/2026 17:55:23] "POST /api/download/start HTTP/1.1" 200 -
Schema validation warning: expected series 'Population' to have type float64, got int64

[2026-02-12 17:55:23] INFO in ingestion: Retrieved metadata for tourism-gdp-proportion-of-total-gdp
✅ Copilot SDK client initialized (using GitHub Copilot subscription)✓ Saved cleaned dataset to 02_Datasets_Limpios/fsanmartin/general/551278437079473fa02f2ad105033b0a.csv
✅ Copilot SDK client initialized (using GitHub Copilot subscription)
   Note: Ensure copilot CLI is installed and authenticated
🔧 Registered tool: search_datasets
🔧 Registered tool: list_local_datasets
🔧 Registered tool: preview_data

   Note: Ensure copilot CLI is installed and authenticated
🔧 Registered tool: download_owid
🔧 Registered tool: search_datasets
🔧 Registered tool: list_local_datasets
🔧 Registered tool: preview_data
🔧 Registered tool: download_owid🔧 Registered tool: get_metadata
🔧 Registered tool: analyze_data✓ Saved metadata to 03_Metadata_y_Notas/5ed49af066274057937e7d0d476c6349.md


🔧 Registered tool: recommend_datasets🔧 Registered tool: get_metadata

🔧 Registered tool: semantic_search_datasets✓ Saved cleaned dataset to 02_Datasets_Limpios/fsanmartin/general/988523c2b7084fbea4c71dad3288ad8f.csv
✅ Copilot SDK client initialized (using GitHub Copilot subscription)

   Note: Ensure copilot CLI is installed and authenticated
🔧 Registered tool: run_sql_query🔧 Registered tool: analyze_data
🔧 Registered tool: recommend_datasets
🔧 Registered tool: search_datasets
🔧 Registered tool: semantic_search_datasets🔧 Registered tool: list_local_datasets
🔧 Registered tool: preview_data
🔧 Registered tool: download_owid
🔧 Registered tool: get_metadata

🔧 Registered tool: run_sql_query🔧 Registered tool: analyze_data
🔧 Registered tool: recommend_datasets

✓ Indexed: d6620e9914f040a5a7b0314e734cc214.csv
🔧 Registered tool: fork_dataset

🔧 Registered tool: get_dataset_versions
🔧 Registered tool: get_dataset_statistics
🔧 Registered tool: export_preview_csv🔧 Registered tool: semantic_search_datasets
🔧 Registered tool: fork_dataset
🔧 Registered tool: get_dataset_versions🔧 Registered tool: list_datasets_with_filters[2026-02-12 17:55:23] INFO in download: Indexed dataset: 02_Datasets_Limpios/fsanmartin/general/d6620e9914f040a5a7b0314e734cc214.csv
190.164.212.239 - - [12/Feb/2026 17:55:23] "POST /api/download/start HTTP/1.1" 200 -

🔧 Registered tool: get_dataset_statistics

🔧 Registered tool: run_sql_query
🔧 Registered tool: list_available_tools

🔧 Registered tool: export_preview_csv✅ Registered 15 MCP tools🔧 Registered tool: fork_dataset
🔧 Registered tool: get_dataset_versions

🔧 Registered tool: list_datasets_with_filters
🔧 Registered tool: list_available_tools
🔧 Registered tool: get_dataset_statistics
✅ Registered 15 MCP tools
⚠️  Warning: Could not initialize Copilot SDK: There is no current event loop in thread 'Thread-56 (process_request_thread)'.
   Falling back to template-based metadata generation
Schema validation warning: expected series 'Population' to have type float64, got int64[2026-02-12 17:55:23] INFO in ingestion: Fetching OWID metadata: tax-revenues-vs-gdp-per-capita

⚠️  Warning: Could not initialize Copilot SDK: There is no current event loop in thread 'Thread-57 (process_request_thread)'.

   Falling back to template-based metadata generation🔧 Registered tool: export_preview_csv

🔧 Registered tool: list_datasets_with_filters
🔧 Registered tool: list_available_tools[2026-02-12 17:55:23] INFO in ingestion: Retrieved metadata for military-spending-as-a-share-of-gdp-sipri
[2026-02-12 17:55:23] INFO in ingestion: Retrieved metadata for maternal-mortality-ratio-vs-gdp-per-capita
[2026-02-12 17:55:23] INFO in ingestion: Fetching OWID metadata: incidence-of-child-labour-vs-gdp-per-capita
✓ Saved cleaned dataset to 02_Datasets_Limpios/fsanmartin/general/2b1aa49afe394131a2d3d6c585e7dd1f.csv

✅ Registered 15 MCP tools
⚠️  Warning: Could not initialize Copilot SDK: There is no current event loop in thread 'Thread-54 (process_request_thread)'.
✓ Saved metadata to 03_Metadata_y_Notas/9d6d2e565a12401b949a340c4ac5cea4.md
✅ Copilot SDK client initialized (using GitHub Copilot subscription)✓ Saved metadata to 03_Metadata_y_Notas/7429beb20d874a619a9fb26bab58c1bf.md
   Falling back to template-based metadata generation[2026-02-12 17:55:23] INFO in download: AI package created: 4 files

   Note: Ensure copilot CLI is installed and authenticated
🔧 Registered tool: search_datasets

[2026-02-12 17:55:23] INFO in ingestion: Fetching OWID metadata: military-spending-as-a-share-of-gdp-gmsd
🔧 Registered tool: list_local_datasets
🔧 Registered tool: preview_data
🔧 Registered tool: download_owid
🔧 Registered tool: get_metadata
🔧 Registered tool: analyze_data
🔧 Registered tool: recommend_datasets
🔧 Registered tool: semantic_search_datasets
🔧 Registered tool: run_sql_query
🔧 Registered tool: fork_dataset
🔧 Registered tool: get_dataset_versions
🔧 Registered tool: get_dataset_statistics
🔧 Registered tool: export_preview_csv
🔧 Registered tool: list_datasets_with_filters
🔧 Registered tool: list_available_tools
✅ Registered 15 MCP tools
⚠️  Warning: Could not initialize Copilot SDK: There is no current event loop in thread 'Thread-53 (process_request_thread)'.
   Falling back to template-based metadata generation
[2026-02-12 17:55:23] INFO in ingestion: Fetching OWID metadata: literacy-rate-vs-gdp-per-capita
[2026-02-12 17:55:23] INFO in ingestion: Retrieved metadata for gdp-per-capita-maddison-project-database
✓ Saved metadata to 03_Metadata_y_Notas/1d345bb2ed10498ea7a37c4040e45bd3.md
[2026-02-12 17:55:23] INFO in download: AI package created: 4 files
[2026-02-12 17:55:23] INFO in download: AI package created: 4 files
[2026-02-12 17:55:23] INFO in ingestion: Retrieved metadata for merchandise-exports-gdp-cepii
✓ Saved metadata to 03_Metadata_y_Notas/3b6aa94f8ef44a678051a6a768e4643f.md
✓ Indexed: 5ed49af066274057937e7d0d476c6349.csv
[2026-02-12 17:55:23] INFO in download: AI package created: 4 files
[2026-02-12 17:55:23] INFO in download: Indexed dataset: 02_Datasets_Limpios/fsanmartin/general/5ed49af066274057937e7d0d476c6349.csv
190.164.212.239 - - [12/Feb/2026 17:55:23] "POST /api/download/start HTTP/1.1" 200 -
✓ Indexed: 7429beb20d874a619a9fb26bab58c1bf.csv
[2026-02-12 17:55:24] INFO in download: Indexed dataset: 02_Datasets_Limpios/fsanmartin/general/7429beb20d874a619a9fb26bab58c1bf.csv
190.164.212.239 - - [12/Feb/2026 17:55:24] "POST /api/download/start HTTP/1.1" 200 -
[2026-02-12 17:55:24] INFO in download: AI package created: 4 files
✓ Indexed: 9d6d2e565a12401b949a340c4ac5cea4.csv
[2026-02-12 17:55:24] INFO in download: Indexed dataset: 02_Datasets_Limpios/fsanmartin/general/9d6d2e565a12401b949a340c4ac5cea4.csv
190.164.212.239 - - [12/Feb/2026 17:55:24] "POST /api/download/start HTTP/1.1" 200 -
[2026-02-12 17:55:24] INFO in ingestion: Retrieved metadata for merchandise-imports-as-a-share-of-countrys-gdp
✓ Saved metadata to 03_Metadata_y_Notas/2459f88506db4380841d2904d50efa79.md
✓ Indexed: 1d345bb2ed10498ea7a37c4040e45bd3.csv
[2026-02-12 17:55:24] INFO in download: Indexed dataset: 02_Datasets_Limpios/fsanmartin/general/1d345bb2ed10498ea7a37c4040e45bd3.csv
190.164.212.239 - - [12/Feb/2026 17:55:24] "POST /api/download/start HTTP/1.1" 200 -
Error extracting metadata from 02_Datasets_Limpios/fsanmartin/general/3b6aa94f8ef44a678051a6a768e4643f.csv: invalid literal for int() with base 10: '1970-01-01 00:00:00.000001827'
[2026-02-12 17:55:24] INFO in download: AI package created: 4 files
✓ Indexed: 3b6aa94f8ef44a678051a6a768e4643f.csv
[2026-02-12 17:55:24] INFO in download: Indexed dataset: 02_Datasets_Limpios/fsanmartin/general/3b6aa94f8ef44a678051a6a768e4643f.csv
190.164.212.239 - - [12/Feb/2026 17:55:24] "POST /api/download/start HTTP/1.1" 200 -
✓ Indexed: 2459f88506db4380841d2904d50efa79.csv
[2026-02-12 17:55:24] INFO in download: Indexed dataset: 02_Datasets_Limpios/fsanmartin/general/2459f88506db4380841d2904d50efa79.csv
190.164.212.239 - - [12/Feb/2026 17:55:24] "POST /api/download/start HTTP/1.1" 200 -
[2026-02-12 17:55:24] INFO in ingestion: Retrieved metadata for access-to-clean-fuels-for-cooking-vs-gdp-per-capita
✓ Saved metadata to 03_Metadata_y_Notas/1cde4c186f4e4b1ab5cc6c8dba078a81.md
[2026-02-12 17:55:24] INFO in download: AI package created: 4 files
✓ Indexed: 1cde4c186f4e4b1ab5cc6c8dba078a81.csv
[2026-02-12 17:55:24] INFO in download: Indexed dataset: 02_Datasets_Limpios/fsanmartin/general/1cde4c186f4e4b1ab5cc6c8dba078a81.csv
190.164.212.239 - - [12/Feb/2026 17:55:24] "POST /api/download/start HTTP/1.1" 200 -
[2026-02-12 17:55:24] INFO in ingestion: Retrieved metadata for military-spending-as-a-share-of-gdp-gmsd
✓ Saved metadata to 03_Metadata_y_Notas/988523c2b7084fbea4c71dad3288ad8f.md
[2026-02-12 17:55:24] INFO in ingestion: Retrieved metadata for incidence-of-child-labour-vs-gdp-per-capita
✓ Saved metadata to 03_Metadata_y_Notas/551278437079473fa02f2ad105033b0a.md
[2026-02-12 17:55:24] INFO in download: AI package created: 4 files
[2026-02-12 17:55:24] INFO in download: AI package created: 4 files
Error extracting metadata from 02_Datasets_Limpios/fsanmartin/general/988523c2b7084fbea4c71dad3288ad8f.csv: invalid literal for int() with base 10: '1970-01-01 00:00:00.000001816'
✓ Indexed: 551278437079473fa02f2ad105033b0a.csv
[2026-02-12 17:55:24] INFO in download: Indexed dataset: 02_Datasets_Limpios/fsanmartin/general/551278437079473fa02f2ad105033b0a.csv
190.164.212.239 - - [12/Feb/2026 17:55:24] "POST /api/download/start HTTP/1.1" 200 -
✓ Indexed: 988523c2b7084fbea4c71dad3288ad8f.csv
[2026-02-12 17:55:24] INFO in download: Indexed dataset: 02_Datasets_Limpios/fsanmartin/general/988523c2b7084fbea4c71dad3288ad8f.csv
190.164.212.239 - - [12/Feb/2026 17:55:24] "POST /api/download/start HTTP/1.1" 200 -
[2026-02-12 17:55:24] INFO in ingestion: Retrieved metadata for tax-revenues-vs-gdp-per-capita
✓ Saved metadata to 03_Metadata_y_Notas/8e8037aee50f4f20bd2480c40ef94402.md
[2026-02-12 17:55:24] INFO in download: AI package created: 4 files
✓ Indexed: 8e8037aee50f4f20bd2480c40ef94402.csv
[2026-02-12 17:55:24] INFO in download: Indexed dataset: 02_Datasets_Limpios/fsanmartin/general/8e8037aee50f4f20bd2480c40ef94402.csv
190.164.212.239 - - [12/Feb/2026 17:55:24] "POST /api/download/start HTTP/1.1" 200 -
[2026-02-12 17:55:25] INFO in ingestion: Retrieved metadata for literacy-rate-vs-gdp-per-capita
✓ Saved metadata to 03_Metadata_y_Notas/2b1aa49afe394131a2d3d6c585e7dd1f.md
[2026-02-12 17:55:25] INFO in download: AI package created: 4 files
✓ Indexed: 2b1aa49afe394131a2d3d6c585e7dd1f.csv
[2026-02-12 17:55:25] INFO in download: Indexed dataset: 02_Datasets_Limpios/fsanmartin/general/2b1aa49afe394131a2d3d6c585e7dd1f.csv
190.164.212.239 - - [12/Feb/2026 17:55:25] "POST /api/download/start HTTP/1.1" 200 -
190.164.212.239 - - [12/Feb/2026 17:55:27] "GET /browse_local HTTP/1.1" 200 -
190.164.212.239 - - [12/Feb/2026 17:55:27] "[36mGET /static/css/theme.css HTTP/1.1[0m" 304 -
190.164.212.239 - - [12/Feb/2026 17:55:27] "[36mGET /static/js/marked.min.js HTTP/1.1[0m" 304 -
190.164.212.239 - - [12/Feb/2026 17:55:28] "GET /api/datasets/statistics HTTP/1.1" 200 -
190.164.212.239 - - [12/Feb/2026 17:55:28] "GET /api/datasets HTTP/1.1" 200 -
Scanning 02_Datasets_Limpios for CSV files...
Found 50 CSV files
✅ Copilot SDK client initialized (using GitHub Copilot subscription)
   Note: Ensure copilot CLI is installed and authenticated
🔧 Registered tool: search_datasets
🔧 Registered tool: list_local_datasets
🔧 Registered tool: preview_data
🔧 Registered tool: download_owid
🔧 Registered tool: get_metadata
🔧 Registered tool: analyze_data
🔧 Registered tool: recommend_datasets
🔧 Registered tool: semantic_search_datasets
🔧 Registered tool: run_sql_query
🔧 Registered tool: fork_dataset
🔧 Registered tool: get_dataset_versions
🔧 Registered tool: get_dataset_statistics
🔧 Registered tool: export_preview_csv
🔧 Registered tool: list_datasets_with_filters
🔧 Registered tool: list_available_tools
✅ Registered 15 MCP tools
⚠️  Warning: Could not initialize Copilot SDK: There is no current event loop in thread 'Thread-64 (process_request_thread)'.
   Falling back to template-based metadata generation
✓ Generated metadata using template for general
✓ Saved metadata to 03_Metadata_y_Notas/2b1aa49afe394131a2d3d6c585e7dd1f.md
✓ Generated metadata using template for general
✓ Saved metadata to 03_Metadata_y_Notas/8e8037aee50f4f20bd2480c40ef94402.md
✓ Generated metadata using template for general
✓ Saved metadata to 03_Metadata_y_Notas/988523c2b7084fbea4c71dad3288ad8f.md
✓ Generated metadata using template for general
✓ Saved metadata to 03_Metadata_y_Notas/551278437079473fa02f2ad105033b0a.md
✓ Generated metadata using template for general
✓ Saved metadata to 03_Metadata_y_Notas/1cde4c186f4e4b1ab5cc6c8dba078a81.md
✓ Generated metadata using template for general
✓ Saved metadata to 03_Metadata_y_Notas/2459f88506db4380841d2904d50efa79.md
✓ Generated metadata using template for general
✓ Saved metadata to 03_Metadata_y_Notas/3b6aa94f8ef44a678051a6a768e4643f.md
✓ Generated metadata using template for general
✓ Saved metadata to 03_Metadata_y_Notas/1d345bb2ed10498ea7a37c4040e45bd3.md
✓ Generated metadata using template for general
✓ Saved metadata to 03_Metadata_y_Notas/9d6d2e565a12401b949a340c4ac5cea4.md
✓ Generated metadata using template for general
✓ Saved metadata to 03_Metadata_y_Notas/7429beb20d874a619a9fb26bab58c1bf.md
✓ Generated metadata using template for general
✓ Saved metadata to 03_Metadata_y_Notas/5ed49af066274057937e7d0d476c6349.md
✓ Generated metadata using template for general
✓ Saved metadata to 03_Metadata_y_Notas/d6620e9914f040a5a7b0314e734cc214.md
✓ Generated metadata using template for general
✓ Saved metadata to 03_Metadata_y_Notas/48f0608377b34b55a030cfe365f9de29.md
✓ Generated metadata using template for general
✓ Saved metadata to 03_Metadata_y_Notas/0e8f48370b2e4525abd19920a170fa2d.md
✓ Generated metadata using template for general
✓ Saved metadata to 03_Metadata_y_Notas/fd9b80148f42438b9b015afc98730a68.md
✓ Generated metadata using template for general
✓ Saved metadata to 03_Metadata_y_Notas/8f7644aaef174beba0fe2a8db450d9aa.md
✓ Generated metadata using template for general
✓ Saved metadata to 03_Metadata_y_Notas/60e6c5963a1d4fa384fbc30252d2b7e6.md
✓ Generated metadata using template for general
✓ Saved metadata to 03_Metadata_y_Notas/8cba2a7be30e47a5b5c7ffa0c1de2b5f.md
✓ Generated metadata using template for general
✓ Saved metadata to 03_Metadata_y_Notas/1cf85a46a33f48df9980518f8b6be5eb.md
✓ Generated metadata using template for general
✓ Saved metadata to 03_Metadata_y_Notas/e1c382a7514448b08517e732baefda68.md
✓ Generated metadata using template for general
✓ Saved metadata to 03_Metadata_y_Notas/3822d4e925ce4369b6627f0ae6b9d678.md
✓ Generated metadata using template for general
✓ Saved metadata to 03_Metadata_y_Notas/8acde9bc3a0d4fd1ace8c76a57952d4b.md
✓ Generated metadata using template for general
✓ Saved metadata to 03_Metadata_y_Notas/43b7154c462a487fa8feb8a872c1b31f.md
✓ Generated metadata using template for gdp
✓ Saved metadata to 03_Metadata_y_Notas/a72fbd387e2b414ead66510e4a301bdd.md
✓ Generated metadata using template for general
✓ Saved metadata to 03_Metadata_y_Notas/d00b27582a5e47cc8a111df00f4480b0.md
✓ Generated metadata using template for general
✓ Saved metadata to 03_Metadata_y_Notas/general_owid_foreign-aid-given-net-flows-vs-grant-equivalents-line_global_2018_2024_20260212214139.md
✓ Generated metadata using template for general
✓ Saved metadata to 03_Metadata_y_Notas/general_owid_foreign-aid-received-as-a-share-of-national-income-net_global_2024_2024_20260212214139.md
✓ Generated metadata using template for general
✓ Saved metadata to 03_Metadata_y_Notas/general_owid_total-official-development-assistance-for-technical-cooperation_global_2023_2023_20260212214139.md
✓ Generated metadata using template for general
✓ Saved metadata to 03_Metadata_y_Notas/general_owid_foreign-aid-and-investments-received_global_2021_2021_20260212214139.md
✓ Generated metadata using template for general
✓ Saved metadata to 03_Metadata_y_Notas/general_owid_share-of-foreign-aid-spent-within-donor-countries_global_2010_2024_20260212214138.md
✓ Generated metadata using template for general
✓ Saved metadata to 03_Metadata_y_Notas/general_owid_foreign-aid-given-to-donor-countries-share_global_2024_2024_20260212214139.md
✓ Generated metadata using template for general
✓ Saved metadata to 03_Metadata_y_Notas/general_owid_foreign-aid-given-by-sector_global_1971_2024_20260212214138.md
✓ Generated metadata using template for general
✓ Saved metadata to 03_Metadata_y_Notas/general_owid_foreign-aid-and-investments-given_global_1960_2024_20260212214139.md
✓ Generated metadata using template for general
✓ Saved metadata to 03_Metadata_y_Notas/general_owid_government-vs-private-aid-by-donor_global_1970_2024_20260212214139.md
✓ Generated metadata using template for general
✓ Saved metadata to 03_Metadata_y_Notas/general_owid_personal-remittances-oda_global_1960_2024_20260212214138.md
✓ Generated metadata using template for general
✓ Saved metadata to 03_Metadata_y_Notas/general_owid_foreign-aid-given-to-donor-countries_global_2010_2024_20260212214139.md
✓ Generated metadata using template for general
✓ Saved metadata to 03_Metadata_y_Notas/general_owid_foreign-aid-given-net_global_1960_2024_20260212214139.md
✓ Generated metadata using template for general
✓ Saved metadata to 03_Metadata_y_Notas/general_owid_net-official-development-assistance-and-aid-received_global_2023_2023_20260212214139.md
✓ Generated metadata using template for general
✓ Saved metadata to 03_Metadata_y_Notas/general_owid_foreign-aid-given-as-grants-and-concessional-loans_global_1960_2024_20260212214139.md
✓ Generated metadata using template for general
✓ Saved metadata to 03_Metadata_y_Notas/general_owid_foreign-aid-given-per-capita_global_1960_2024_20260212214139.md
✓ Generated metadata using template for general
✓ Saved metadata to 03_Metadata_y_Notas/general_owid_foreign-aid-received-by-income-group_global_1960_2024_20260212214138.md
✓ Generated metadata using template for general
✓ Saved metadata to 03_Metadata_y_Notas/general_owid_total-oda-for-aid-for-trade-by-recipient_global_2023_2023_20260212214138.md
✓ Generated metadata using template for general
✓ Saved metadata to 03_Metadata_y_Notas/general_owid_total-oda-for-aid-for-trade-by-donor_global_2023_2023_20260212214139.md
✓ Generated metadata using template for general
✓ Saved metadata to 03_Metadata_y_Notas/general_owid_foreign-aid-received-net_global_2024_2024_20260212214138.md
✓ Generated metadata using template for general
✓ Saved metadata to 03_Metadata_y_Notas/general_owid_foreign-aid-given-to-least-developed-countries-as-a-share-of-donors-national-income_global_2000_2023_20260212214138.md
✓ Generated metadata using template for general
✓ Saved metadata to 03_Metadata_y_Notas/general_owid_amount-of-foreign-aid-spend-in-recipient-countries_global_2010_2024_20260212214138.md
✓ Generated metadata using template for general
✓ Saved metadata to 03_Metadata_y_Notas/general_owid_foreign-aid-given-as-a-share-of-national-income_global_1960_2024_20260212214138.md
✓ Generated metadata using template for general
✓ Saved metadata to 03_Metadata_y_Notas/general_owid_official-development-assistance-donor-bilateral-multilateral_global_1960_2024_20260212214138.md
✓ Generated metadata using template for general
✓ Saved metadata to 03_Metadata_y_Notas/general_owid_net-oda-to-medical-research_global_2023_2023_20260212214138.md
✓ Generated metadata using template for general
✓ Saved metadata to 03_Metadata_y_Notas/general_owid_oda-for-scholarships_global_2023_2023_20260212214138.md
190.164.212.239 - - [12/Feb/2026 17:55:30] "POST /api/datasets/refresh HTTP/1.1" 200 -
190.164.212.239 - - [12/Feb/2026 17:55:30] "GET /api/datasets/statistics HTTP/1.1" 200 -
190.164.212.239 - - [12/Feb/2026 17:55:30] "GET /api/datasets HTTP/1.1" 200 -
 * Detected change in '/opt/data-curator/src/dataset_catalog.py', reloading
 * Restarting with watchdog (inotify)

============================================================
🌐 Mises Data Curator - Web Interface
============================================================

Starting server at http://127.0.0.1:5000
Press CTRL+C to quit

 * Debugger is active!
 * Debugger PIN: 468-820-628
 * Detected change in '/opt/data-curator/src/dataset_catalog.py', reloading
 * Restarting with watchdog (inotify)

============================================================
🌐 Mises Data Curator - Web Interface
============================================================

Starting server at http://127.0.0.1:5000
Press CTRL+C to quit

 * Debugger is active!
 * Debugger PIN: 468-820-628
 * Detected change in '/opt/data-curator/src/web/api/datasets.py', reloading
 * Restarting with watchdog (inotify)

============================================================
🌐 Mises Data Curator - Web Interface
============================================================

Starting server at http://127.0.0.1:5000
Press CTRL+C to quit

 * Debugger is active!
 * Debugger PIN: 468-820-628
 * Detected change in '/opt/data-curator/src/web/api/datasets.py', reloading
 * Detected change in '/opt/data-curator/src/web/api/datasets.py', reloading
 * Detected change in '/opt/data-curator/src/web/api/datasets.py', reloading
 * Restarting with watchdog (inotify)

============================================================
🌐 Mises Data Curator - Web Interface
============================================================

Starting server at http://127.0.0.1:5000
Press CTRL+C to quit

 * Debugger is active!
 * Debugger PIN: 468-820-628
 * Detected change in '/opt/data-curator/src/web/api/datasets.py', reloading
 * Restarting with watchdog (inotify)

============================================================
🌐 Mises Data Curator - Web Interface
============================================================

Starting server at http://127.0.0.1:5000
Press CTRL+C to quit

 * Debugger is active!
 * Debugger PIN: 468-820-628
 * Detected change in '/opt/data-curator/src/web/api/datasets.py', reloading
 * Restarting with watchdog (inotify)

============================================================
🌐 Mises Data Curator - Web Interface
============================================================

Starting server at http://127.0.0.1:5000
Press CTRL+C to quit

 * Debugger is active!
 * Debugger PIN: 468-820-628
 * Detected change in '/opt/data-curator/src/web/api/datasets.py', reloading
 * Restarting with watchdog (inotify)

============================================================
🌐 Mises Data Curator - Web Interface
============================================================

Starting server at http://127.0.0.1:5000
Press CTRL+C to quit

 * Debugger is active!
 * Debugger PIN: 468-820-628
190.164.212.239 - - [13/Feb/2026 01:26:36] "[32mGET / HTTP/1.1[0m" 302 -
190.164.212.239 - - [13/Feb/2026 01:26:36] "GET /auth/login?next=/ HTTP/1.1" 200 -
190.164.212.239 - - [13/Feb/2026 01:26:37] "[36mGET /static/css/theme.css HTTP/1.1[0m" 304 -
190.164.212.239 - - [13/Feb/2026 01:26:37] "[36mGET /static/js/marked.min.js HTTP/1.1[0m" 304 -
 * Detected change in '/opt/data-curator/src/web/auth.py', reloading
 * Restarting with watchdog (inotify)

============================================================
🌐 Mises Data Curator - Web Interface
============================================================

Starting server at http://127.0.0.1:5000
Press CTRL+C to quit

 * Debugger is active!
 * Debugger PIN: 468-820-628
 * Detected change in '/opt/data-curator/src/web/__init__.py', reloading
 * Restarting with watchdog (inotify)

============================================================
🌐 Mises Data Curator - Web Interface
============================================================

Starting server at http://127.0.0.1:5000
Press CTRL+C to quit

 * Debugger is active!
 * Debugger PIN: 468-820-628

============================================================
🌐 Mises Data Curator - Web Interface
============================================================

Starting server at http://127.0.0.1:5000
Press CTRL+C to quit

 * Serving Flask app 'src.web'
 * Debug mode: on
[31m[1mWARNING: This is a development server. Do not use it in a production deployment. Use a production WSGI server instead.[0m
 * Running on http://127.0.0.1:5000
[33mPress CTRL+C to quit[0m
 * Restarting with watchdog (inotify)

============================================================
🌐 Mises Data Curator - Web Interface
============================================================

Starting server at http://127.0.0.1:5000
Press CTRL+C to quit

 * Debugger is active!
 * Debugger PIN: 468-820-628
 * Detected change in '/opt/data-curator/src/web/__main__.py', reloading
 * Restarting with watchdog (inotify)
Traceback (most recent call last):
  File "<frozen runpy>", line 198, in _run_module_as_main
  File "<frozen runpy>", line 88, in _run_code
  File "/opt/data-curator/src/web/__main__.py", line 4, in <module>
    from waitress import serve
ModuleNotFoundError: No module named 'waitress'
Traceback (most recent call last):
  File "<frozen runpy>", line 198, in _run_module_as_main
  File "<frozen runpy>", line 88, in _run_code
  File "/opt/data-curator/src/web/__main__.py", line 4, in <module>
    from waitress import serve
ModuleNotFoundError: No module named 'waitress'

============================================================
🌐 Mises Data Curator - Web Interface
============================================================

Starting server at http://0.0.0.0:5000
Use CTRL+C to quit

Traceback (most recent call last):
  File "<frozen runpy>", line 189, in _run_module_as_main
  File "<frozen runpy>", line 148, in _get_module_details
  File "<frozen runpy>", line 112, in _get_module_details
  File "/opt/data-curator/src/web/__init__.py", line 10, in <module>
    from .api import api_bp  # New API Blueprint
    ^^^^^^^^^^^^^^^^^^^^^^^
  File "/opt/data-curator/src/web/api/__init__.py", line 19, in <module>
    from . import datasets
  File "/opt/data-curator/src/web/api/datasets.py", line 178
    @api_bp.route("/datasets/<int:dataset_id>/download", methods=["GET"])
SyntaxError: expected 'except' or 'finally' block
Traceback (most recent call last):
  File "<frozen runpy>", line 189, in _run_module_as_main
  File "<frozen runpy>", line 148, in _get_module_details
  File "<frozen runpy>", line 112, in _get_module_details
  File "/opt/data-curator/src/web/__init__.py", line 10, in <module>
    from .api import api_bp  # New API Blueprint
    ^^^^^^^^^^^^^^^^^^^^^^^
  File "/opt/data-curator/src/web/api/__init__.py", line 19, in <module>
    from . import datasets
  File "/opt/data-curator/src/web/api/datasets.py", line 178
    @api_bp.route("/datasets/<int:dataset_id>/download", methods=["GET"])
SyntaxError: expected 'except' or 'finally' block
Traceback (most recent call last):
  File "<frozen runpy>", line 189, in _run_module_as_main
  File "<frozen runpy>", line 148, in _get_module_details
  File "<frozen runpy>", line 112, in _get_module_details
  File "/opt/data-curator/src/web/__init__.py", line 10, in <module>
    from .api import api_bp  # New API Blueprint
    ^^^^^^^^^^^^^^^^^^^^^^^
  File "/opt/data-curator/src/web/api/__init__.py", line 19, in <module>
    from . import datasets
  File "/opt/data-curator/src/web/api/datasets.py", line 178
    @api_bp.route("/datasets/<int:dataset_id>/download", methods=["GET"])
SyntaxError: expected 'except' or 'finally' block
Traceback (most recent call last):
  File "<frozen runpy>", line 189, in _run_module_as_main
  File "<frozen runpy>", line 148, in _get_module_details
  File "<frozen runpy>", line 112, in _get_module_details
  File "/opt/data-curator/src/web/__init__.py", line 10, in <module>
    from .api import api_bp  # New API Blueprint
    ^^^^^^^^^^^^^^^^^^^^^^^
  File "/opt/data-curator/src/web/api/__init__.py", line 19, in <module>
    from . import datasets
  File "/opt/data-curator/src/web/api/datasets.py", line 178
    @api_bp.route("/datasets/<int:dataset_id>/download", methods=["GET"])
SyntaxError: expected 'except' or 'finally' block
Traceback (most recent call last):
  File "<frozen runpy>", line 189, in _run_module_as_main
  File "<frozen runpy>", line 148, in _get_module_details
  File "<frozen runpy>", line 112, in _get_module_details
  File "/opt/data-curator/src/web/__init__.py", line 10, in <module>
    from .api import api_bp  # New API Blueprint
    ^^^^^^^^^^^^^^^^^^^^^^^
  File "/opt/data-curator/src/web/api/__init__.py", line 19, in <module>
    from . import datasets
  File "/opt/data-curator/src/web/api/datasets.py", line 178
    @api_bp.route("/datasets/<int:dataset_id>/download", methods=["GET"])
SyntaxError: expected 'except' or 'finally' block
Traceback (most recent call last):
  File "<frozen runpy>", line 189, in _run_module_as_main
  File "<frozen runpy>", line 148, in _get_module_details
  File "<frozen runpy>", line 112, in _get_module_details
  File "/opt/data-curator/src/web/__init__.py", line 10, in <module>
    from .api import api_bp  # New API Blueprint
    ^^^^^^^^^^^^^^^^^^^^^^^
  File "/opt/data-curator/src/web/api/__init__.py", line 19, in <module>
    from . import datasets
  File "/opt/data-curator/src/web/api/datasets.py", line 178
    @api_bp.route("/datasets/<int:dataset_id>/download", methods=["GET"])
SyntaxError: expected 'except' or 'finally' block
Traceback (most recent call last):
  File "<frozen runpy>", line 189, in _run_module_as_main
  File "<frozen runpy>", line 148, in _get_module_details
  File "<frozen runpy>", line 112, in _get_module_details
  File "/opt/data-curator/src/web/__init__.py", line 10, in <module>
    from .api import api_bp  # New API Blueprint
    ^^^^^^^^^^^^^^^^^^^^^^^
  File "/opt/data-curator/src/web/api/__init__.py", line 19, in <module>
    from . import datasets
  File "/opt/data-curator/src/web/api/datasets.py", line 178
    @api_bp.route("/datasets/<int:dataset_id>/download", methods=["GET"])
SyntaxError: expected 'except' or 'finally' block
Traceback (most recent call last):
  File "<frozen runpy>", line 189, in _run_module_as_main
  File "<frozen runpy>", line 148, in _get_module_details
  File "<frozen runpy>", line 112, in _get_module_details
  File "/opt/data-curator/src/web/__init__.py", line 10, in <module>
    from .api import api_bp  # New API Blueprint
    ^^^^^^^^^^^^^^^^^^^^^^^
  File "/opt/data-curator/src/web/api/__init__.py", line 19, in <module>
    from . import datasets
  File "/opt/data-curator/src/web/api/datasets.py", line 178
    @api_bp.route("/datasets/<int:dataset_id>/download", methods=["GET"])
SyntaxError: expected 'except' or 'finally' block
Traceback (most recent call last):
  File "<frozen runpy>", line 189, in _run_module_as_main
  File "<frozen runpy>", line 148, in _get_module_details
  File "<frozen runpy>", line 112, in _get_module_details
  File "/opt/data-curator/src/web/__init__.py", line 10, in <module>
    from .api import api_bp  # New API Blueprint
    ^^^^^^^^^^^^^^^^^^^^^^^
  File "/opt/data-curator/src/web/api/__init__.py", line 19, in <module>
    from . import datasets
  File "/opt/data-curator/src/web/api/datasets.py", line 178
    @api_bp.route("/datasets/<int:dataset_id>/download", methods=["GET"])
SyntaxError: expected 'except' or 'finally' block
Traceback (most recent call last):
  File "<frozen runpy>", line 189, in _run_module_as_main
  File "<frozen runpy>", line 148, in _get_module_details
  File "<frozen runpy>", line 112, in _get_module_details
  File "/opt/data-curator/src/web/__init__.py", line 10, in <module>
    from .api import api_bp  # New API Blueprint
    ^^^^^^^^^^^^^^^^^^^^^^^
  File "/opt/data-curator/src/web/api/__init__.py", line 19, in <module>
    from . import datasets
  File "/opt/data-curator/src/web/api/datasets.py", line 178
    @api_bp.route("/datasets/<int:dataset_id>/download", methods=["GET"])
SyntaxError: expected 'except' or 'finally' block
Traceback (most recent call last):
  File "<frozen runpy>", line 189, in _run_module_as_main
  File "<frozen runpy>", line 148, in _get_module_details
  File "<frozen runpy>", line 112, in _get_module_details
  File "/opt/data-curator/src/web/__init__.py", line 10, in <module>
    from .api import api_bp  # New API Blueprint
    ^^^^^^^^^^^^^^^^^^^^^^^
  File "/opt/data-curator/src/web/api/__init__.py", line 19, in <module>
    from . import datasets
  File "/opt/data-curator/src/web/api/datasets.py", line 178
    @api_bp.route("/datasets/<int:dataset_id>/download", methods=["GET"])
SyntaxError: expected 'except' or 'finally' block
Traceback (most recent call last):
  File "<frozen runpy>", line 189, in _run_module_as_main
  File "<frozen runpy>", line 148, in _get_module_details
  File "<frozen runpy>", line 112, in _get_module_details
  File "/opt/data-curator/src/web/__init__.py", line 10, in <module>
    from .api import api_bp  # New API Blueprint
    ^^^^^^^^^^^^^^^^^^^^^^^
  File "/opt/data-curator/src/web/api/__init__.py", line 19, in <module>
    from . import datasets
  File "/opt/data-curator/src/web/api/datasets.py", line 178
    @api_bp.route("/datasets/<int:dataset_id>/download", methods=["GET"])
SyntaxError: expected 'except' or 'finally' block
Traceback (most recent call last):
  File "<frozen runpy>", line 189, in _run_module_as_main
  File "<frozen runpy>", line 148, in _get_module_details
  File "<frozen runpy>", line 112, in _get_module_details
  File "/opt/data-curator/src/web/__init__.py", line 10, in <module>
    from .api import api_bp  # New API Blueprint
    ^^^^^^^^^^^^^^^^^^^^^^^
  File "/opt/data-curator/src/web/api/__init__.py", line 19, in <module>
    from . import datasets
  File "/opt/data-curator/src/web/api/datasets.py", line 178
    @api_bp.route("/datasets/<int:dataset_id>/download", methods=["GET"])
SyntaxError: expected 'except' or 'finally' block

============================================================
🌐 Mises Data Curator - Web Interface
============================================================

Starting server at http://0.0.0.0:5000
Use CTRL+C to quit

✅ Copilot SDK client initialized (using GitHub Copilot subscription)
   Note: Ensure copilot CLI is installed and authenticated
🔧 Registered tool: search_datasets
🔧 Registered tool: list_local_datasets
🔧 Registered tool: preview_data
🔧 Registered tool: download_owid
🔧 Registered tool: get_metadata
🔧 Registered tool: analyze_data
🔧 Registered tool: recommend_datasets
🔧 Registered tool: semantic_search_datasets
🔧 Registered tool: run_sql_query
🔧 Registered tool: fork_dataset
🔧 Registered tool: get_dataset_versions
🔧 Registered tool: get_dataset_statistics
🔧 Registered tool: export_preview_csv
🔧 Registered tool: list_datasets_with_filters
🔧 Registered tool: list_available_tools
✅ Registered 15 MCP tools
⚠️  Warning: Could not initialize Copilot SDK: There is no current event loop in thread 'waitress-3'.
   Falling back to template-based metadata generation

============================================================
🌐 Mises Data Curator - Web Interface
============================================================

Starting server at http://0.0.0.0:5000
Use CTRL+C to quit

✅ Copilot SDK client initialized (using GitHub Copilot subscription)
   Note: Ensure copilot CLI is installed and authenticated
🔧 Registered tool: search_datasets
🔧 Registered tool: list_local_datasets
🔧 Registered tool: preview_data
🔧 Registered tool: download_owid
🔧 Registered tool: get_metadata
🔧 Registered tool: analyze_data
🔧 Registered tool: recommend_datasets
🔧 Registered tool: semantic_search_datasets
🔧 Registered tool: run_sql_query
🔧 Registered tool: fork_dataset
🔧 Registered tool: get_dataset_versions
🔧 Registered tool: get_dataset_statistics
🔧 Registered tool: export_preview_csv
🔧 Registered tool: list_datasets_with_filters
🔧 Registered tool: list_available_tools
✅ Registered 15 MCP tools
✅ Copilot client started

============================================================
🌐 Mises Data Curator - Web Interface
============================================================

Starting server at http://0.0.0.0:5000
Use CTRL+C to quit

✅ Copilot SDK client initialized (using GitHub Copilot subscription)
   Note: Ensure copilot CLI is installed and authenticated
✅ Copilot SDK client initialized (using GitHub Copilot subscription)
   Note: Ensure copilot CLI is installed and authenticated
🔧 Registered tool: search_datasets🔧 Registered tool: search_datasets
🔧 Registered tool: list_local_datasets
🔧 Registered tool: list_local_datasets
🔧 Registered tool: preview_data
🔧 Registered tool: download_owid
🔧 Registered tool: preview_data

🔧 Registered tool: download_owid
🔧 Registered tool: get_metadata🔧 Registered tool: get_metadata

🔧 Registered tool: analyze_data🔧 Registered tool: analyze_data
🔧 Registered tool: recommend_datasets

🔧 Registered tool: semantic_search_datasets🔧 Registered tool: recommend_datasets

🔧 Registered tool: run_sql_query
🔧 Registered tool: fork_dataset
🔧 Registered tool: semantic_search_datasets
🔧 Registered tool: run_sql_query🔧 Registered tool: get_dataset_versions

🔧 Registered tool: fork_dataset
🔧 Registered tool: get_dataset_statistics🔧 Registered tool: get_dataset_versions

🔧 Registered tool: get_dataset_statistics
🔧 Registered tool: export_preview_csv
🔧 Registered tool: list_datasets_with_filters
🔧 Registered tool: list_available_tools
🔧 Registered tool: export_preview_csv✅ Registered 15 MCP tools

🔧 Registered tool: list_datasets_with_filters
🔧 Registered tool: list_available_tools
✅ Registered 15 MCP tools
✅ Copilot SDK client initialized (using GitHub Copilot subscription)
   Note: Ensure copilot CLI is installed and authenticated
🔧 Registered tool: search_datasets
🔧 Registered tool: list_local_datasets
🔧 Registered tool: preview_data
🔧 Registered tool: download_owid
🔧 Registered tool: get_metadata
🔧 Registered tool: analyze_data
🔧 Registered tool: recommend_datasets
🔧 Registered tool: semantic_search_datasets
🔧 Registered tool: run_sql_query
🔧 Registered tool: fork_dataset
🔧 Registered tool: get_dataset_versions
🔧 Registered tool: get_dataset_statistics
🔧 Registered tool: export_preview_csv
🔧 Registered tool: list_datasets_with_filters
🔧 Registered tool: list_available_tools
✅ Registered 15 MCP tools
✅ Loaded 14 models from Copilot SDK
✅ Copilot SDK client initialized (using GitHub Copilot subscription)
   Note: Ensure copilot CLI is installed and authenticated
🔧 Registered tool: search_datasets
🔧 Registered tool: list_local_datasets
🔧 Registered tool: preview_data
🔧 Registered tool: download_owid
🔧 Registered tool: get_metadata
🔧 Registered tool: analyze_data
🔧 Registered tool: recommend_datasets
🔧 Registered tool: semantic_search_datasets
🔧 Registered tool: run_sql_query
🔧 Registered tool: fork_dataset
🔧 Registered tool: get_dataset_versions
🔧 Registered tool: get_dataset_statistics
🔧 Registered tool: export_preview_csv
🔧 Registered tool: list_datasets_with_filters
🔧 Registered tool: list_available_tools
✅ Registered 15 MCP tools
✅ Loaded 14 models from Copilot SDK
✓ Found 100 results from OWID
✓ Found 100 results from OWID

============================================================
🌐 Mises Data Curator - Web Interface
============================================================

Starting server at http://0.0.0.0:5000
Use CTRL+C to quit

✓ Found 100 results from OWID
✓ Found 50 results from OWID
✓ Found 50 results from OWID
WARNING:waitress.queue:Task queue depth is 1
WARNING:waitress.queue:Task queue depth is 2
[2026-02-13 02:16:10] INFO in ingestion: Fetching from OWID: foreign-aid-received-net
[2026-02-13 02:16:10] INFO in ingestion: Fetching from OWID: foreign-aid-given-as-a-share-of-national-income
[2026-02-13 02:16:10] INFO in ingestion: Fetching from OWID: foreign-aid-given-net
[2026-02-13 02:16:10] INFO in ingestion: Fetching from OWID: foreign-aid-given-to-donor-countries-share
[2026-02-13 02:16:11] INFO in ingestion: Saved raw data to 01_Raw_Data_Bank/OWID/foreign-aid-given-as-a-share-of-national-income_20260213_021611.csv
[2026-02-13 02:16:11] INFO in ingestion: Retrieved 490 records from OWID
[2026-02-13 02:16:11] INFO in ingestion:   Columns: country, country_code, year, ODA by donor (% of GNI) - Official estimate, ODA by donor (% of GNI) - Official estimate (Annotations)...
/opt/data-curator/.venv/lib/python3.11/site-packages/pandera/_pandas_deprecated.py:146: FutureWarning: Importing pandas-specific classes and functions from the
top-level pandera module will be **removed in a future version of pandera**.
If you're using pandera to validate pandas objects, we highly recommend updating
your import:

```
# old import
import pandera as pa

# new import
import pandera.pandas as pa
```

If you're using pandera to validate objects from other compatible libraries
like pyspark or polars, see the supported libraries section of the documentation
for more information on how to import pandera:

https://pandera.readthedocs.io/en/stable/supported_libraries.html

To disable this warning, set the environment variable:

```
export DISABLE_PANDERA_IMPORT_WARNING=True
```

  warnings.warn(_future_warning, FutureWarning)
✓ Saved cleaned dataset to 02_Datasets_Limpios/fsanmartin/general/d54a7a4253644357a779b4ac77cdb436.csv
✅ Copilot SDK client initialized (using GitHub Copilot subscription)
   Note: Ensure copilot CLI is installed and authenticated
🔧 Registered tool: search_datasets
🔧 Registered tool: list_local_datasets
🔧 Registered tool: preview_data
🔧 Registered tool: download_owid
🔧 Registered tool: get_metadata
🔧 Registered tool: analyze_data
🔧 Registered tool: recommend_datasets
🔧 Registered tool: semantic_search_datasets
🔧 Registered tool: run_sql_query
🔧 Registered tool: fork_dataset
🔧 Registered tool: get_dataset_versions
🔧 Registered tool: get_dataset_statistics
🔧 Registered tool: export_preview_csv
🔧 Registered tool: list_datasets_with_filters
🔧 Registered tool: list_available_tools
✅ Registered 15 MCP tools
[2026-02-13 02:16:11] INFO in ingestion: Saved raw data to 01_Raw_Data_Bank/OWID/foreign-aid-given-net_20260213_021611.csv
[2026-02-13 02:16:11] INFO in ingestion: Retrieved 478 records from OWID
[2026-02-13 02:16:11] INFO in ingestion:   Columns: country, country_code, year, Official development assistance (ODA) and private grants by donor - Net disbursements, Official development assistance (ODA) and private grants by donor - Net disbursements (Annotations)...
Schema validation warning: expected series 'Official development assistance (ODA) and private grants by donor - Net disbursements' to have type float64, got int64
✓ Saved cleaned dataset to 02_Datasets_Limpios/fsanmartin/general/65d5e49efd964599aae8c54867562ff0.csv
✅ Copilot SDK client initialized (using GitHub Copilot subscription)
   Note: Ensure copilot CLI is installed and authenticated
🔧 Registered tool: search_datasets
🔧 Registered tool: list_local_datasets
🔧 Registered tool: preview_data
🔧 Registered tool: download_owid
🔧 Registered tool: get_metadata
🔧 Registered tool: analyze_data
🔧 Registered tool: recommend_datasets
🔧 Registered tool: semantic_search_datasets
🔧 Registered tool: run_sql_query
🔧 Registered tool: fork_dataset
🔧 Registered tool: get_dataset_versions
🔧 Registered tool: get_dataset_statistics
🔧 Registered tool: export_preview_csv
🔧 Registered tool: list_datasets_with_filters
🔧 Registered tool: list_available_tools
✅ Registered 15 MCP tools
[2026-02-13 02:16:11] INFO in ingestion: Saved raw data to 01_Raw_Data_Bank/OWID/foreign-aid-given-to-donor-countries-share_20260213_021611.csv
[2026-02-13 02:16:11] INFO in ingestion: Retrieved 15 records from OWID
[2026-02-13 02:16:11] INFO in ingestion:   Columns: country, country_code, year, Refugees in donor countries, Administrative costs...
Schema validation warning: expected series 'Administrative costs (Original Year)' to have type float64, got Int64
✓ Saved cleaned dataset to 02_Datasets_Limpios/fsanmartin/general/388689d8e838430fae73fbabbe34d6b4.csv
[2026-02-13 02:16:11] INFO in ingestion: Saved raw data to 01_Raw_Data_Bank/OWID/foreign-aid-received-net_20260213_021611.csv
[2026-02-13 02:16:11] INFO in ingestion: Retrieved 137 records from OWID
[2026-02-13 02:16:11] INFO in ingestion:   Columns: country, country_code, year, Official development assistance (ODA) by recipient, World region according to OWID...
✅ Copilot SDK client initialized (using GitHub Copilot subscription)
   Note: Ensure copilot CLI is installed and authenticated
🔧 Registered tool: search_datasets
🔧 Registered tool: list_local_datasets
🔧 Registered tool: preview_data
🔧 Registered tool: download_owid
🔧 Registered tool: get_metadata
🔧 Registered tool: analyze_data
🔧 Registered tool: recommend_datasets
🔧 Registered tool: semantic_search_datasets
🔧 Registered tool: run_sql_query
🔧 Registered tool: fork_dataset
🔧 Registered tool: get_dataset_versions
🔧 Registered tool: get_dataset_statistics
🔧 Registered tool: export_preview_csv
🔧 Registered tool: list_datasets_with_filters
🔧 Registered tool: list_available_tools
✅ Registered 15 MCP tools
Schema validation warning: expected series 'Official development assistance (ODA) by recipient' to have type float64, got int64
✓ Saved cleaned dataset to 02_Datasets_Limpios/fsanmartin/general/96d4a15b1a0340e29b1c410eb4829738.csv
✅ Copilot SDK client initialized (using GitHub Copilot subscription)
   Note: Ensure copilot CLI is installed and authenticated
🔧 Registered tool: search_datasets
🔧 Registered tool: list_local_datasets
🔧 Registered tool: preview_data
🔧 Registered tool: download_owid
🔧 Registered tool: get_metadata
🔧 Registered tool: analyze_data
🔧 Registered tool: recommend_datasets
🔧 Registered tool: semantic_search_datasets
🔧 Registered tool: run_sql_query
🔧 Registered tool: fork_dataset
🔧 Registered tool: get_dataset_versions
🔧 Registered tool: get_dataset_statistics
🔧 Registered tool: export_preview_csv
🔧 Registered tool: list_datasets_with_filters
🔧 Registered tool: list_available_tools
✅ Registered 15 MCP tools
✅ Copilot client started
[2026-02-13 02:16:14] INFO in ingestion: Fetching OWID metadata: foreign-aid-given-as-a-share-of-national-income
✅ Copilot client started
[2026-02-13 02:16:14] INFO in ingestion: Fetching OWID metadata: foreign-aid-given-net
✅ Copilot client started
[2026-02-13 02:16:14] INFO in ingestion: Fetching OWID metadata: foreign-aid-received-net
[2026-02-13 02:16:14] INFO in ingestion: Retrieved metadata for foreign-aid-given-as-a-share-of-national-income
✓ Saved metadata to 03_Metadata_y_Notas/d54a7a4253644357a779b4ac77cdb436.md
[2026-02-13 02:16:14] INFO in download: AI package created: 4 files
✓ Indexed: d54a7a4253644357a779b4ac77cdb436.csv
[2026-02-13 02:16:14] INFO in download: Indexed dataset: 02_Datasets_Limpios/fsanmartin/general/d54a7a4253644357a779b4ac77cdb436.csv
✅ Copilot client started
[2026-02-13 02:16:14] INFO in ingestion: Fetching OWID metadata: foreign-aid-given-to-donor-countries-share
[2026-02-13 02:16:14] INFO in ingestion: Fetching from OWID: foreign-aid-given-to-least-developed-countries-as-a-share-of-donors-national-income
[2026-02-13 02:16:14] INFO in ingestion: Retrieved metadata for foreign-aid-given-net
✓ Saved metadata to 03_Metadata_y_Notas/65d5e49efd964599aae8c54867562ff0.md
[2026-02-13 02:16:14] INFO in download: AI package created: 4 files
✓ Indexed: 65d5e49efd964599aae8c54867562ff0.csv
[2026-02-13 02:16:14] INFO in download: Indexed dataset: 02_Datasets_Limpios/fsanmartin/general/65d5e49efd964599aae8c54867562ff0.csv
[2026-02-13 02:16:14] INFO in ingestion: Fetching from OWID: foreign-aid-given-by-sector
[2026-02-13 02:16:14] INFO in ingestion: Retrieved metadata for foreign-aid-received-net
✓ Saved metadata to 03_Metadata_y_Notas/96d4a15b1a0340e29b1c410eb4829738.md
[2026-02-13 02:16:14] INFO in download: AI package created: 4 files
[2026-02-13 02:16:14] INFO in ingestion: Retrieved metadata for foreign-aid-given-to-donor-countries-share
✓ Saved metadata to 03_Metadata_y_Notas/388689d8e838430fae73fbabbe34d6b4.md
[2026-02-13 02:16:14] INFO in download: AI package created: 4 files
✓ Indexed: 96d4a15b1a0340e29b1c410eb4829738.csv
[2026-02-13 02:16:14] INFO in download: Indexed dataset: 02_Datasets_Limpios/fsanmartin/general/96d4a15b1a0340e29b1c410eb4829738.csv
✓ Indexed: 388689d8e838430fae73fbabbe34d6b4.csv
[2026-02-13 02:16:14] INFO in download: Indexed dataset: 02_Datasets_Limpios/fsanmartin/general/388689d8e838430fae73fbabbe34d6b4.csv
[2026-02-13 02:16:15] INFO in ingestion: Saved raw data to 01_Raw_Data_Bank/OWID/foreign-aid-given-to-least-developed-countries-as-a-share-of-donors-national-income_20260213_021615.csv
[2026-02-13 02:16:15] INFO in ingestion: Retrieved 144 records from OWID
[2026-02-13 02:16:15] INFO in ingestion:   Columns: country, country_code, year, Net ODA to LDCs...
✓ Saved cleaned dataset to 02_Datasets_Limpios/fsanmartin/general/b34fa3da0f97484eabde5189f2ab8380.csv
✅ Copilot SDK client initialized (using GitHub Copilot subscription)
   Note: Ensure copilot CLI is installed and authenticated
🔧 Registered tool: search_datasets
🔧 Registered tool: list_local_datasets
🔧 Registered tool: preview_data
🔧 Registered tool: download_owid
🔧 Registered tool: get_metadata
🔧 Registered tool: analyze_data
🔧 Registered tool: recommend_datasets
🔧 Registered tool: semantic_search_datasets
🔧 Registered tool: run_sql_query
🔧 Registered tool: fork_dataset
🔧 Registered tool: get_dataset_versions
🔧 Registered tool: get_dataset_statistics
🔧 Registered tool: export_preview_csv
🔧 Registered tool: list_datasets_with_filters
🔧 Registered tool: list_available_tools
✅ Registered 15 MCP tools
[2026-02-13 02:16:15] INFO in ingestion: Saved raw data to 01_Raw_Data_Bank/OWID/foreign-aid-given-by-sector_20260213_021615.csv
[2026-02-13 02:16:15] INFO in ingestion: Retrieved 54 records from OWID
[2026-02-13 02:16:15] INFO in ingestion:   Columns: country, year, Unspecified aid, Humanitarian aid, Aid related to debt...
Schema validation warning: expected series 'Unspecified aid' to have type float64, got int64
✓ Saved cleaned dataset to 02_Datasets_Limpios/fsanmartin/general/2357c3f6245a4d19989edd5e532cfbeb.csv
✅ Copilot SDK client initialized (using GitHub Copilot subscription)
   Note: Ensure copilot CLI is installed and authenticated
🔧 Registered tool: search_datasets
🔧 Registered tool: list_local_datasets
🔧 Registered tool: preview_data
🔧 Registered tool: download_owid
🔧 Registered tool: get_metadata
🔧 Registered tool: analyze_data
🔧 Registered tool: recommend_datasets
🔧 Registered tool: semantic_search_datasets
🔧 Registered tool: run_sql_query
🔧 Registered tool: fork_dataset
🔧 Registered tool: get_dataset_versions
🔧 Registered tool: get_dataset_statistics
🔧 Registered tool: export_preview_csv
🔧 Registered tool: list_datasets_with_filters
🔧 Registered tool: list_available_tools
✅ Registered 15 MCP tools
✅ Copilot client started
[2026-02-13 02:16:17] INFO in ingestion: Fetching OWID metadata: foreign-aid-given-to-least-developed-countries-as-a-share-of-donors-national-income
[2026-02-13 02:16:18] INFO in ingestion: Retrieved metadata for foreign-aid-given-to-least-developed-countries-as-a-share-of-donors-national-income
✓ Saved metadata to 03_Metadata_y_Notas/b34fa3da0f97484eabde5189f2ab8380.md
[2026-02-13 02:16:18] INFO in download: AI package created: 4 files
✓ Indexed: b34fa3da0f97484eabde5189f2ab8380.csv
[2026-02-13 02:16:18] INFO in download: Indexed dataset: 02_Datasets_Limpios/fsanmartin/general/b34fa3da0f97484eabde5189f2ab8380.csv
✅ Copilot client started
[2026-02-13 02:16:18] INFO in ingestion: Fetching OWID metadata: foreign-aid-given-by-sector
[2026-02-13 02:16:18] INFO in ingestion: Retrieved metadata for foreign-aid-given-by-sector
✓ Saved metadata to 03_Metadata_y_Notas/2357c3f6245a4d19989edd5e532cfbeb.md
[2026-02-13 02:16:18] INFO in download: AI package created: 4 files
✓ Indexed: 2357c3f6245a4d19989edd5e532cfbeb.csv
[2026-02-13 02:16:18] INFO in download: Indexed dataset: 02_Datasets_Limpios/fsanmartin/general/2357c3f6245a4d19989edd5e532cfbeb.csv

============================================================
🌐 Mises Data Curator - Web Interface
============================================================

Starting server at http://0.0.0.0:5000
Use CTRL+C to quit

✓ Found 100 results from OWID
✓ Found 100 results from OWID
✓ Found 100 results from OWID
✓ Found 100 results from OWID
✓ Found 100 results from OWID
✓ Found 100 results from OWID
✓ Found 100 results from OWID

============================================================
🌐 Mises Data Curator - Web Interface
============================================================

Starting server at http://0.0.0.0:5000
Use CTRL+C to quit

✅ Copilot SDK client initialized (using GitHub Copilot subscription)✅ Copilot SDK client initialized (using GitHub Copilot subscription)

   Note: Ensure copilot CLI is installed and authenticated   Note: Ensure copilot CLI is installed and authenticated

🔧 Registered tool: search_datasets🔧 Registered tool: search_datasets
🔧 Registered tool: list_local_datasets
🔧 Registered tool: preview_data

🔧 Registered tool: list_local_datasets
🔧 Registered tool: preview_data
🔧 Registered tool: download_owid🔧 Registered tool: download_owid

🔧 Registered tool: get_metadata
🔧 Registered tool: analyze_data
🔧 Registered tool: recommend_datasets
🔧 Registered tool: semantic_search_datasets🔧 Registered tool: get_metadata

🔧 Registered tool: run_sql_query
🔧 Registered tool: analyze_data🔧 Registered tool: fork_dataset

🔧 Registered tool: get_dataset_versions
🔧 Registered tool: recommend_datasets🔧 Registered tool: get_dataset_statistics

🔧 Registered tool: semantic_search_datasets
🔧 Registered tool: run_sql_query
🔧 Registered tool: export_preview_csv
🔧 Registered tool: list_datasets_with_filters🔧 Registered tool: fork_dataset
🔧 Registered tool: get_dataset_versions
🔧 Registered tool: get_dataset_statistics
🔧 Registered tool: export_preview_csv
🔧 Registered tool: list_datasets_with_filters
🔧 Registered tool: list_available_tools
✅ Registered 15 MCP tools

🔧 Registered tool: list_available_tools
✅ Registered 15 MCP tools
✅ Copilot SDK client initialized (using GitHub Copilot subscription)
   Note: Ensure copilot CLI is installed and authenticated
🔧 Registered tool: search_datasets
🔧 Registered tool: list_local_datasets
🔧 Registered tool: preview_data
🔧 Registered tool: download_owid
🔧 Registered tool: get_metadata
🔧 Registered tool: analyze_data
🔧 Registered tool: recommend_datasets
🔧 Registered tool: semantic_search_datasets
🔧 Registered tool: run_sql_query
🔧 Registered tool: fork_dataset
🔧 Registered tool: get_dataset_versions
🔧 Registered tool: get_dataset_statistics
🔧 Registered tool: export_preview_csv
🔧 Registered tool: list_datasets_with_filters
🔧 Registered tool: list_available_tools
✅ Registered 15 MCP tools
✅ Loaded 14 models from Copilot SDK
✅ Copilot SDK client initialized (using GitHub Copilot subscription)
   Note: Ensure copilot CLI is installed and authenticated
🔧 Registered tool: search_datasets
🔧 Registered tool: list_local_datasets
🔧 Registered tool: preview_data
🔧 Registered tool: download_owid
🔧 Registered tool: get_metadata
🔧 Registered tool: analyze_data
🔧 Registered tool: recommend_datasets
🔧 Registered tool: semantic_search_datasets
🔧 Registered tool: run_sql_query
🔧 Registered tool: fork_dataset
🔧 Registered tool: get_dataset_versions
🔧 Registered tool: get_dataset_statistics
🔧 Registered tool: export_preview_csv
🔧 Registered tool: list_datasets_with_filters
🔧 Registered tool: list_available_tools
✅ Registered 15 MCP tools
✅ Loaded 14 models from Copilot SDK

============================================================
🌐 Mises Data Curator - Web Interface
============================================================

Starting server at http://0.0.0.0:5000
Use CTRL+C to quit

✅ Copilot SDK client initialized (using GitHub Copilot subscription)
   Note: Ensure copilot CLI is installed and authenticated
🔧 Registered tool: search_datasets
🔧 Registered tool: list_local_datasets
🔧 Registered tool: preview_data
🔧 Registered tool: download_owid
🔧 Registered tool: get_metadata
🔧 Registered tool: analyze_data
🔧 Registered tool: recommend_datasets
🔧 Registered tool: semantic_search_datasets
🔧 Registered tool: run_sql_query
🔧 Registered tool: fork_dataset
🔧 Registered tool: get_dataset_versions
🔧 Registered tool: get_dataset_statistics
🔧 Registered tool: export_preview_csv
🔧 Registered tool: list_datasets_with_filters
🔧 Registered tool: list_available_tools
✅ Registered 15 MCP tools
✅ Copilot client started
✅ Copilot SDK client initialized (using GitHub Copilot subscription)
   Note: Ensure copilot CLI is installed and authenticated
🔧 Registered tool: search_datasets
🔧 Registered tool: list_local_datasets
🔧 Registered tool: preview_data
🔧 Registered tool: download_owid
🔧 Registered tool: get_metadata
🔧 Registered tool: analyze_data
🔧 Registered tool: recommend_datasets
🔧 Registered tool: semantic_search_datasets
🔧 Registered tool: run_sql_query
🔧 Registered tool: fork_dataset
🔧 Registered tool: get_dataset_versions
🔧 Registered tool: get_dataset_statistics
🔧 Registered tool: export_preview_csv
🔧 Registered tool: list_datasets_with_filters
🔧 Registered tool: list_available_tools
✅ Registered 15 MCP tools
✅ Copilot client started
Traceback (most recent call last):
  File "<frozen runpy>", line 189, in _run_module_as_main
  File "<frozen runpy>", line 148, in _get_module_details
  File "<frozen runpy>", line 112, in _get_module_details
  File "/opt/data-curator/src/web/__init__.py", line 3, in <module>
    from flask import Flask, request
ModuleNotFoundError: No module named 'flask'
Traceback (most recent call last):
  File "<frozen runpy>", line 189, in _run_module_as_main
  File "<frozen runpy>", line 148, in _get_module_details
  File "<frozen runpy>", line 112, in _get_module_details
  File "/opt/data-curator/src/web/__init__.py", line 3, in <module>
    from flask import Flask, request
ModuleNotFoundError: No module named 'flask'
Traceback (most recent call last):
  File "<frozen runpy>", line 189, in _run_module_as_main
  File "<frozen runpy>", line 148, in _get_module_details
  File "<frozen runpy>", line 112, in _get_module_details
  File "/opt/data-curator/src/web/__init__.py", line 3, in <module>
    from flask import Flask, request
ModuleNotFoundError: No module named 'flask'
Traceback (most recent call last):
  File "<frozen runpy>", line 189, in _run_module_as_main
  File "<frozen runpy>", line 148, in _get_module_details
  File "<frozen runpy>", line 112, in _get_module_details
  File "/opt/data-curator/src/web/__init__.py", line 3, in <module>
    from flask import Flask, request
ModuleNotFoundError: No module named 'flask'
Traceback (most recent call last):
  File "<frozen runpy>", line 189, in _run_module_as_main
  File "<frozen runpy>", line 148, in _get_module_details
  File "<frozen runpy>", line 112, in _get_module_details
  File "/opt/data-curator/src/web/__init__.py", line 3, in <module>
    from flask import Flask, request
ModuleNotFoundError: No module named 'flask'
Traceback (most recent call last):
  File "<frozen runpy>", line 189, in _run_module_as_main
  File "<frozen runpy>", line 148, in _get_module_details
  File "<frozen runpy>", line 112, in _get_module_details
  File "/opt/data-curator/src/web/__init__.py", line 3, in <module>
    from flask import Flask, request
ModuleNotFoundError: No module named 'flask'
Traceback (most recent call last):
  File "<frozen runpy>", line 189, in _run_module_as_main
  File "<frozen runpy>", line 148, in _get_module_details
  File "<frozen runpy>", line 112, in _get_module_details
  File "/opt/data-curator/src/web/__init__.py", line 3, in <module>
    from flask import Flask, request
ModuleNotFoundError: No module named 'flask'
Traceback (most recent call last):
  File "<frozen runpy>", line 189, in _run_module_as_main
  File "<frozen runpy>", line 148, in _get_module_details
  File "<frozen runpy>", line 112, in _get_module_details
  File "/opt/data-curator/src/web/__init__.py", line 3, in <module>
    from flask import Flask, request
ModuleNotFoundError: No module named 'flask'
Traceback (most recent call last):
  File "<frozen runpy>", line 189, in _run_module_as_main
  File "<frozen runpy>", line 148, in _get_module_details
  File "<frozen runpy>", line 112, in _get_module_details
  File "/opt/data-curator/src/web/__init__.py", line 3, in <module>
    from flask import Flask, request
ModuleNotFoundError: No module named 'flask'
Traceback (most recent call last):
  File "<frozen runpy>", line 189, in _run_module_as_main
  File "<frozen runpy>", line 148, in _get_module_details
  File "<frozen runpy>", line 112, in _get_module_details
  File "/opt/data-curator/src/web/__init__.py", line 3, in <module>
    from flask import Flask, request
ModuleNotFoundError: No module named 'flask'
Traceback (most recent call last):
  File "<frozen runpy>", line 189, in _run_module_as_main
  File "<frozen runpy>", line 148, in _get_module_details
  File "<frozen runpy>", line 112, in _get_module_details
  File "/opt/data-curator/src/web/__init__.py", line 3, in <module>
    from flask import Flask, request
ModuleNotFoundError: No module named 'flask'
Traceback (most recent call last):
  File "<frozen runpy>", line 189, in _run_module_as_main
  File "<frozen runpy>", line 148, in _get_module_details
  File "<frozen runpy>", line 112, in _get_module_details
  File "/opt/data-curator/src/web/__init__.py", line 3, in <module>
    from flask import Flask, request
ModuleNotFoundError: No module named 'flask'
Traceback (most recent call last):
  File "<frozen runpy>", line 189, in _run_module_as_main
  File "<frozen runpy>", line 148, in _get_module_details
  File "<frozen runpy>", line 112, in _get_module_details
  File "/opt/data-curator/src/web/__init__.py", line 3, in <module>
    from flask import Flask, request
ModuleNotFoundError: No module named 'flask'
Traceback (most recent call last):
  File "<frozen runpy>", line 189, in _run_module_as_main
  File "<frozen runpy>", line 148, in _get_module_details
  File "<frozen runpy>", line 112, in _get_module_details
  File "/opt/data-curator/src/web/__init__.py", line 3, in <module>
    from flask import Flask, request
ModuleNotFoundError: No module named 'flask'
Traceback (most recent call last):
  File "<frozen runpy>", line 189, in _run_module_as_main
  File "<frozen runpy>", line 148, in _get_module_details
  File "<frozen runpy>", line 112, in _get_module_details
  File "/opt/data-curator/src/web/__init__.py", line 3, in <module>
    from flask import Flask, request
ModuleNotFoundError: No module named 'flask'
Traceback (most recent call last):
  File "<frozen runpy>", line 189, in _run_module_as_main
  File "<frozen runpy>", line 148, in _get_module_details
  File "<frozen runpy>", line 112, in _get_module_details
  File "/opt/data-curator/src/web/__init__.py", line 3, in <module>
    from flask import Flask, request
ModuleNotFoundError: No module named 'flask'
Traceback (most recent call last):
  File "<frozen runpy>", line 189, in _run_module_as_main
  File "<frozen runpy>", line 148, in _get_module_details
  File "<frozen runpy>", line 112, in _get_module_details
  File "/opt/data-curator/src/web/__init__.py", line 3, in <module>
    from flask import Flask, request
ModuleNotFoundError: No module named 'flask'
Traceback (most recent call last):
  File "<frozen runpy>", line 189, in _run_module_as_main
  File "<frozen runpy>", line 148, in _get_module_details
  File "<frozen runpy>", line 112, in _get_module_details
  File "/opt/data-curator/src/web/__init__.py", line 3, in <module>
    from flask import Flask, request
ModuleNotFoundError: No module named 'flask'
Traceback (most recent call last):
  File "<frozen runpy>", line 189, in _run_module_as_main
  File "<frozen runpy>", line 148, in _get_module_details
  File "<frozen runpy>", line 112, in _get_module_details
  File "/opt/data-curator/src/web/__init__.py", line 3, in <module>
    from flask import Flask, request
ModuleNotFoundError: No module named 'flask'
⚠️  Warning: copilot SDK not installed. Run: pip install github-copilot-sdk
   Error: No module named 'copilot'
Traceback (most recent call last):
  File "<frozen runpy>", line 198, in _run_module_as_main
  File "<frozen runpy>", line 88, in _run_code
  File "/opt/data-curator/src/web/__main__.py", line 4, in <module>
    from waitress import serve
ModuleNotFoundError: No module named 'waitress'
⚠️  Warning: copilot SDK not installed. Run: pip install github-copilot-sdk
   Error: No module named 'copilot'
Traceback (most recent call last):
  File "<frozen runpy>", line 198, in _run_module_as_main
  File "<frozen runpy>", line 88, in _run_code
  File "/opt/data-curator/src/web/__main__.py", line 4, in <module>
    from waitress import serve
ModuleNotFoundError: No module named 'waitress'
Traceback (most recent call last):
  File "<frozen runpy>", line 189, in _run_module_as_main
  File "<frozen runpy>", line 148, in _get_module_details
  File "<frozen runpy>", line 112, in _get_module_details
  File "/opt/data-curator/src/web/__init__.py", line 3, in <module>
    from flask import Flask, request
ModuleNotFoundError: No module named 'flask'
Traceback (most recent call last):
  File "<frozen runpy>", line 189, in _run_module_as_main
  File "<frozen runpy>", line 148, in _get_module_details
  File "<frozen runpy>", line 112, in _get_module_details
  File "/opt/data-curator/src/web/__init__.py", line 3, in <module>
    from flask import Flask, request
ModuleNotFoundError: No module named 'flask'
Traceback (most recent call last):
  File "<frozen runpy>", line 189, in _run_module_as_main
  File "<frozen runpy>", line 148, in _get_module_details
  File "<frozen runpy>", line 112, in _get_module_details
  File "/opt/data-curator/src/web/__init__.py", line 3, in <module>
    from flask import Flask, request
ModuleNotFoundError: No module named 'flask'
Traceback (most recent call last):
  File "<frozen runpy>", line 189, in _run_module_as_main
  File "<frozen runpy>", line 148, in _get_module_details
  File "<frozen runpy>", line 112, in _get_module_details
  File "/opt/data-curator/src/web/__init__.py", line 3, in <module>
    from flask import Flask, request
ModuleNotFoundError: No module named 'flask'
Traceback (most recent call last):
  File "<frozen runpy>", line 189, in _run_module_as_main
  File "<frozen runpy>", line 148, in _get_module_details
  File "<frozen runpy>", line 112, in _get_module_details
  File "/opt/data-curator/src/web/__init__.py", line 3, in <module>
    from flask import Flask, request
ModuleNotFoundError: No module named 'flask'
Traceback (most recent call last):
  File "<frozen runpy>", line 189, in _run_module_as_main
  File "<frozen runpy>", line 148, in _get_module_details
  File "<frozen runpy>", line 112, in _get_module_details
  File "/opt/data-curator/src/web/__init__.py", line 3, in <module>
    from flask import Flask, request
ModuleNotFoundError: No module named 'flask'
Traceback (most recent call last):
  File "<frozen runpy>", line 189, in _run_module_as_main
  File "<frozen runpy>", line 148, in _get_module_details
  File "<frozen runpy>", line 112, in _get_module_details
  File "/opt/data-curator/src/web/__init__.py", line 3, in <module>
    from flask import Flask, request
ModuleNotFoundError: No module named 'flask'
Traceback (most recent call last):
  File "<frozen runpy>", line 189, in _run_module_as_main
  File "<frozen runpy>", line 148, in _get_module_details
  File "<frozen runpy>", line 112, in _get_module_details
  File "/opt/data-curator/src/web/__init__.py", line 3, in <module>
    from flask import Flask, request
ModuleNotFoundError: No module named 'flask'
Traceback (most recent call last):
  File "<frozen runpy>", line 189, in _run_module_as_main
  File "<frozen runpy>", line 148, in _get_module_details
  File "<frozen runpy>", line 112, in _get_module_details
  File "/opt/data-curator/src/web/__init__.py", line 3, in <module>
    from flask import Flask, request
ModuleNotFoundError: No module named 'flask'
Traceback (most recent call last):
  File "<frozen runpy>", line 189, in _run_module_as_main
  File "<frozen runpy>", line 148, in _get_module_details
  File "<frozen runpy>", line 112, in _get_module_details
  File "/opt/data-curator/src/web/__init__.py", line 3, in <module>
    from flask import Flask, request
ModuleNotFoundError: No module named 'flask'
Traceback (most recent call last):
  File "<frozen runpy>", line 189, in _run_module_as_main
  File "<frozen runpy>", line 148, in _get_module_details
  File "<frozen runpy>", line 112, in _get_module_details
  File "/opt/data-curator/src/web/__init__.py", line 3, in <module>
    from flask import Flask, request
ModuleNotFoundError: No module named 'flask'
Traceback (most recent call last):
  File "<frozen runpy>", line 189, in _run_module_as_main
  File "<frozen runpy>", line 148, in _get_module_details
  File "<frozen runpy>", line 112, in _get_module_details
  File "/opt/data-curator/src/web/__init__.py", line 3, in <module>
    from flask import Flask, request
ModuleNotFoundError: No module named 'flask'
Traceback (most recent call last):
  File "<frozen runpy>", line 189, in _run_module_as_main
  File "<frozen runpy>", line 148, in _get_module_details
  File "<frozen runpy>", line 112, in _get_module_details
  File "/opt/data-curator/src/web/__init__.py", line 3, in <module>
    from flask import Flask, request
ModuleNotFoundError: No module named 'flask'
Traceback (most recent call last):
  File "<frozen runpy>", line 189, in _run_module_as_main
  File "<frozen runpy>", line 148, in _get_module_details
  File "<frozen runpy>", line 112, in _get_module_details
  File "/opt/data-curator/src/web/__init__.py", line 3, in <module>
    from flask import Flask, request
ModuleNotFoundError: No module named 'flask'
Traceback (most recent call last):
  File "<frozen runpy>", line 189, in _run_module_as_main
  File "<frozen runpy>", line 148, in _get_module_details
  File "<frozen runpy>", line 112, in _get_module_details
  File "/opt/data-curator/src/web/__init__.py", line 3, in <module>
    from flask import Flask, request
ModuleNotFoundError: No module named 'flask'
Traceback (most recent call last):
  File "<frozen runpy>", line 189, in _run_module_as_main
  File "<frozen runpy>", line 148, in _get_module_details
  File "<frozen runpy>", line 112, in _get_module_details
  File "/opt/data-curator/src/web/__init__.py", line 3, in <module>
    from flask import Flask, request
ModuleNotFoundError: No module named 'flask'
Traceback (most recent call last):
  File "<frozen runpy>", line 189, in _run_module_as_main
  File "<frozen runpy>", line 148, in _get_module_details
  File "<frozen runpy>", line 112, in _get_module_details
  File "/opt/data-curator/src/web/__init__.py", line 3, in <module>
    from flask import Flask, request
ModuleNotFoundError: No module named 'flask'
Traceback (most recent call last):
  File "<frozen runpy>", line 189, in _run_module_as_main
  File "<frozen runpy>", line 148, in _get_module_details
  File "<frozen runpy>", line 112, in _get_module_details
  File "/opt/data-curator/src/web/__init__.py", line 3, in <module>
    from flask import Flask, request
ModuleNotFoundError: No module named 'flask'
Traceback (most recent call last):
  File "<frozen runpy>", line 189, in _run_module_as_main
  File "<frozen runpy>", line 148, in _get_module_details
  File "<frozen runpy>", line 112, in _get_module_details
  File "/opt/data-curator/src/web/__init__.py", line 3, in <module>
    from flask import Flask, request
ModuleNotFoundError: No module named 'flask'
Traceback (most recent call last):
  File "<frozen runpy>", line 189, in _run_module_as_main
  File "<frozen runpy>", line 148, in _get_module_details
  File "<frozen runpy>", line 112, in _get_module_details
  File "/opt/data-curator/src/web/__init__.py", line 3, in <module>
    from flask import Flask, request
ModuleNotFoundError: No module named 'flask'
Traceback (most recent call last):
  File "<frozen runpy>", line 189, in _run_module_as_main
  File "<frozen runpy>", line 148, in _get_module_details
  File "<frozen runpy>", line 112, in _get_module_details
  File "/opt/data-curator/src/web/__init__.py", line 3, in <module>
    from flask import Flask, request
ModuleNotFoundError: No module named 'flask'
Traceback (most recent call last):
  File "<frozen runpy>", line 189, in _run_module_as_main
  File "<frozen runpy>", line 148, in _get_module_details
  File "<frozen runpy>", line 112, in _get_module_details
  File "/opt/data-curator/src/web/__init__.py", line 3, in <module>
    from flask import Flask, request
ModuleNotFoundError: No module named 'flask'
Traceback (most recent call last):
  File "<frozen runpy>", line 189, in _run_module_as_main
  File "<frozen runpy>", line 148, in _get_module_details
  File "<frozen runpy>", line 112, in _get_module_details
  File "/opt/data-curator/src/web/__init__.py", line 3, in <module>
    from flask import Flask, request
ModuleNotFoundError: No module named 'flask'
Traceback (most recent call last):
  File "<frozen runpy>", line 189, in _run_module_as_main
  File "<frozen runpy>", line 148, in _get_module_details
  File "<frozen runpy>", line 112, in _get_module_details
  File "/opt/data-curator/src/web/__init__.py", line 3, in <module>
    from flask import Flask, request
ModuleNotFoundError: No module named 'flask'
Traceback (most recent call last):
  File "<frozen runpy>", line 189, in _run_module_as_main
  File "<frozen runpy>", line 148, in _get_module_details
  File "<frozen runpy>", line 112, in _get_module_details
  File "/opt/data-curator/src/web/__init__.py", line 3, in <module>
    from flask import Flask, request
ModuleNotFoundError: No module named 'flask'
Traceback (most recent call last):
  File "<frozen runpy>", line 189, in _run_module_as_main
  File "<frozen runpy>", line 148, in _get_module_details
  File "<frozen runpy>", line 112, in _get_module_details
  File "/opt/data-curator/src/web/__init__.py", line 3, in <module>
    from flask import Flask, request
ModuleNotFoundError: No module named 'flask'
Traceback (most recent call last):
  File "<frozen runpy>", line 189, in _run_module_as_main
  File "<frozen runpy>", line 148, in _get_module_details
  File "<frozen runpy>", line 112, in _get_module_details
  File "/opt/data-curator/src/web/__init__.py", line 3, in <module>
    from flask import Flask, request
ModuleNotFoundError: No module named 'flask'
Traceback (most recent call last):
  File "<frozen runpy>", line 189, in _run_module_as_main
  File "<frozen runpy>", line 148, in _get_module_details
  File "<frozen runpy>", line 112, in _get_module_details
  File "/opt/data-curator/src/web/__init__.py", line 3, in <module>
    from flask import Flask, request
ModuleNotFoundError: No module named 'flask'
Traceback (most recent call last):
  File "<frozen runpy>", line 189, in _run_module_as_main
  File "<frozen runpy>", line 148, in _get_module_details
  File "<frozen runpy>", line 112, in _get_module_details
  File "/opt/data-curator/src/web/__init__.py", line 3, in <module>
    from flask import Flask, request
ModuleNotFoundError: No module named 'flask'
Traceback (most recent call last):
  File "<frozen runpy>", line 189, in _run_module_as_main
  File "<frozen runpy>", line 148, in _get_module_details
  File "<frozen runpy>", line 112, in _get_module_details
  File "/opt/data-curator/src/web/__init__.py", line 3, in <module>
    from flask import Flask, request
ModuleNotFoundError: No module named 'flask'
Traceback (most recent call last):
  File "<frozen runpy>", line 189, in _run_module_as_main
  File "<frozen runpy>", line 148, in _get_module_details
  File "<frozen runpy>", line 112, in _get_module_details
  File "/opt/data-curator/src/web/__init__.py", line 3, in <module>
    from flask import Flask, request
ModuleNotFoundError: No module named 'flask'
Traceback (most recent call last):
  File "<frozen runpy>", line 189, in _run_module_as_main
  File "<frozen runpy>", line 148, in _get_module_details
  File "<frozen runpy>", line 112, in _get_module_details
  File "/opt/data-curator/src/web/__init__.py", line 3, in <module>
    from flask import Flask, request
ModuleNotFoundError: No module named 'flask'
Traceback (most recent call last):
  File "<frozen runpy>", line 189, in _run_module_as_main
  File "<frozen runpy>", line 148, in _get_module_details
  File "<frozen runpy>", line 112, in _get_module_details
  File "/opt/data-curator/src/web/__init__.py", line 3, in <module>
    from flask import Flask, request
ModuleNotFoundError: No module named 'flask'
Traceback (most recent call last):
  File "<frozen runpy>", line 189, in _run_module_as_main
  File "<frozen runpy>", line 148, in _get_module_details
  File "<frozen runpy>", line 112, in _get_module_details
  File "/opt/data-curator/src/web/__init__.py", line 3, in <module>
    from flask import Flask, request
ModuleNotFoundError: No module named 'flask'
Traceback (most recent call last):
  File "<frozen runpy>", line 189, in _run_module_as_main
  File "<frozen runpy>", line 148, in _get_module_details
  File "<frozen runpy>", line 112, in _get_module_details
  File "/opt/data-curator/src/web/__init__.py", line 3, in <module>
    from flask import Flask, request
ModuleNotFoundError: No module named 'flask'
Traceback (most recent call last):
  File "<frozen runpy>", line 189, in _run_module_as_main
  File "<frozen runpy>", line 148, in _get_module_details
  File "<frozen runpy>", line 112, in _get_module_details
  File "/opt/data-curator/src/web/__init__.py", line 3, in <module>
    from flask import Flask, request
ModuleNotFoundError: No module named 'flask'
Traceback (most recent call last):
  File "<frozen runpy>", line 189, in _run_module_as_main
  File "<frozen runpy>", line 148, in _get_module_details
  File "<frozen runpy>", line 112, in _get_module_details
  File "/opt/data-curator/src/web/__init__.py", line 3, in <module>
    from flask import Flask, request
ModuleNotFoundError: No module named 'flask'
Traceback (most recent call last):
  File "<frozen runpy>", line 189, in _run_module_as_main
  File "<frozen runpy>", line 148, in _get_module_details
  File "<frozen runpy>", line 112, in _get_module_details
  File "/opt/data-curator/src/web/__init__.py", line 3, in <module>
    from flask import Flask, request
ModuleNotFoundError: No module named 'flask'
Traceback (most recent call last):
  File "<frozen runpy>", line 189, in _run_module_as_main
  File "<frozen runpy>", line 148, in _get_module_details
  File "<frozen runpy>", line 112, in _get_module_details
  File "/opt/data-curator/src/web/__init__.py", line 3, in <module>
    from flask import Flask, request
ModuleNotFoundError: No module named 'flask'
Traceback (most recent call last):
  File "<frozen runpy>", line 189, in _run_module_as_main
  File "<frozen runpy>", line 148, in _get_module_details
  File "<frozen runpy>", line 112, in _get_module_details
  File "/opt/data-curator/src/web/__init__.py", line 3, in <module>
    from flask import Flask, request
ModuleNotFoundError: No module named 'flask'
Traceback (most recent call last):
  File "<frozen runpy>", line 189, in _run_module_as_main
  File "<frozen runpy>", line 148, in _get_module_details
  File "<frozen runpy>", line 112, in _get_module_details
  File "/opt/data-curator/src/web/__init__.py", line 3, in <module>
    from flask import Flask, request
ModuleNotFoundError: No module named 'flask'
Traceback (most recent call last):
  File "<frozen runpy>", line 189, in _run_module_as_main
  File "<frozen runpy>", line 148, in _get_module_details
  File "<frozen runpy>", line 112, in _get_module_details
  File "/opt/data-curator/src/web/__init__.py", line 3, in <module>
    from flask import Flask, request
ModuleNotFoundError: No module named 'flask'
Traceback (most recent call last):
  File "<frozen runpy>", line 189, in _run_module_as_main
  File "<frozen runpy>", line 148, in _get_module_details
  File "<frozen runpy>", line 112, in _get_module_details
  File "/opt/data-curator/src/web/__init__.py", line 5, in <module>
    from flask_admin import Admin
ModuleNotFoundError: No module named 'flask_admin'
Traceback (most recent call last):
  File "<frozen runpy>", line 189, in _run_module_as_main
  File "<frozen runpy>", line 148, in _get_module_details
  File "<frozen runpy>", line 112, in _get_module_details
  File "/opt/data-curator/src/web/__init__.py", line 5, in <module>
    from flask_admin import Admin
ModuleNotFoundError: No module named 'flask_admin'
Traceback (most recent call last):
  File "<frozen runpy>", line 189, in _run_module_as_main
  File "<frozen runpy>", line 148, in _get_module_details
  File "<frozen runpy>", line 112, in _get_module_details
  File "/opt/data-curator/src/web/__init__.py", line 5, in <module>
    from flask_admin import Admin
ModuleNotFoundError: No module named 'flask_admin'
Traceback (most recent call last):
  File "<frozen runpy>", line 189, in _run_module_as_main
  File "<frozen runpy>", line 148, in _get_module_details
  File "<frozen runpy>", line 112, in _get_module_details
  File "/opt/data-curator/src/web/__init__.py", line 5, in <module>
    from flask_admin import Admin
ModuleNotFoundError: No module named 'flask_admin'
Traceback (most recent call last):
  File "<frozen runpy>", line 189, in _run_module_as_main
  File "<frozen runpy>", line 148, in _get_module_details
  File "<frozen runpy>", line 112, in _get_module_details
  File "/opt/data-curator/src/web/__init__.py", line 5, in <module>
    from flask_admin import Admin
ModuleNotFoundError: No module named 'flask_admin'

============================================================
🌐 Mises Data Curator - Web Interface
============================================================

Starting server at http://0.0.0.0:5000
Use CTRL+C to quit

